-- --------------------------------------------------------
-- Host:                         127.0.0.1
-- Server version:               10.3.14-MariaDB - mariadb.org binary distribution
-- Server OS:                    Win64
-- HeidiSQL Version:             11.0.0.5919
-- --------------------------------------------------------

/*!40101 SET @OLD_CHARACTER_SET_CLIENT=@@CHARACTER_SET_CLIENT */;
/*!40101 SET NAMES utf8 */;
/*!50503 SET NAMES utf8mb4 */;
/*!40014 SET @OLD_FOREIGN_KEY_CHECKS=@@FOREIGN_KEY_CHECKS, FOREIGN_KEY_CHECKS=0 */;
/*!40101 SET @OLD_SQL_MODE=@@SQL_MODE, SQL_MODE='NO_AUTO_VALUE_ON_ZERO' */;


-- Dumping database structure for trader_buddy
CREATE DATABASE IF NOT EXISTS `trader_buddy` /*!40100 DEFAULT CHARACTER SET utf8 */;
USE `trader_buddy`;

-- Dumping structure for table trader_buddy.deposit_plans
CREATE TABLE IF NOT EXISTS `deposit_plans` (
  `id` bigint(20) NOT NULL AUTO_INCREMENT,
  `amount` double DEFAULT NULL,
  `frequency` int(11) DEFAULT NULL,
  PRIMARY KEY (`id`)
) ENGINE=InnoDB AUTO_INCREMENT=3 DEFAULT CHARSET=utf8;

-- Dumping data for table trader_buddy.deposit_plans: ~2 rows (approximately)
/*!40000 ALTER TABLE `deposit_plans` DISABLE KEYS */;
REPLACE INTO `deposit_plans` (`id`, `amount`, `frequency`) VALUES
	(1, 350, 5),
	(2, 350, 5);
/*!40000 ALTER TABLE `deposit_plans` ENABLE KEYS */;

-- Dumping structure for table trader_buddy.goals
CREATE TABLE IF NOT EXISTS `goals` (
  `id` bigint(20) NOT NULL AUTO_INCREMENT,
  `active` bit(1) DEFAULT NULL,
  `end_date` date DEFAULT NULL,
  `name` varchar(255) DEFAULT NULL,
  `profit_target` double DEFAULT NULL,
  `start_date` date DEFAULT NULL,
  `status` int(11) DEFAULT NULL,
  PRIMARY KEY (`id`),
  UNIQUE KEY `UniqueNameAndStartDateAndEndDate` (`name`,`start_date`,`end_date`)
) ENGINE=InnoDB DEFAULT CHARSET=utf8;

-- Dumping data for table trader_buddy.goals: ~0 rows (approximately)
/*!40000 ALTER TABLE `goals` DISABLE KEYS */;
/*!40000 ALTER TABLE `goals` ENABLE KEYS */;

-- Dumping structure for table trader_buddy.retrospectives
CREATE TABLE IF NOT EXISTS `retrospectives` (
  `id` bigint(20) NOT NULL AUTO_INCREMENT,
  `end_date` date DEFAULT NULL,
  `interval_frequency` int(11) DEFAULT NULL,
  `start_date` date DEFAULT NULL,
  PRIMARY KEY (`id`),
  UNIQUE KEY `UniqueIntervalAndStartDateAndEndDate` (`interval_frequency`,`start_date`,`end_date`)
) ENGINE=InnoDB AUTO_INCREMENT=24 DEFAULT CHARSET=utf8;

-- Dumping data for table trader_buddy.retrospectives: ~10 rows (approximately)
/*!40000 ALTER TABLE `retrospectives` DISABLE KEYS */;
REPLACE INTO `retrospectives` (`id`, `end_date`, `interval_frequency`, `start_date`) VALUES
	(3, '2022-08-07', 1, '2022-08-01'),
	(4, '2022-08-14', 1, '2022-08-08'),
	(15, '2022-08-21', 1, '2022-08-15'),
	(16, '2022-08-28', 1, '2022-08-22'),
	(17, '2022-09-04', 1, '2022-09-01'),
	(18, '2022-09-11', 1, '2022-09-05'),
	(20, '2022-09-18', 1, '2022-09-12'),
	(21, '2022-09-25', 1, '2022-09-19'),
	(22, '2022-10-02', 1, '2022-09-26'),
	(23, '2022-10-09', 1, '2022-10-03');
/*!40000 ALTER TABLE `retrospectives` ENABLE KEYS */;

-- Dumping structure for table trader_buddy.retrospective_entries
CREATE TABLE IF NOT EXISTS `retrospective_entries` (
  `id` bigint(20) NOT NULL AUTO_INCREMENT,
  `entry_text` longtext DEFAULT NULL,
  `key_point` bit(1) DEFAULT NULL,
  `line_number` int(11) DEFAULT NULL,
  `retrospective_id` bigint(20) DEFAULT NULL,
  PRIMARY KEY (`id`),
  KEY `FKepdlvjuqm0ejb712uio01et63` (`retrospective_id`),
  CONSTRAINT `FKepdlvjuqm0ejb712uio01et63` FOREIGN KEY (`retrospective_id`) REFERENCES `retrospectives` (`id`)
) ENGINE=InnoDB AUTO_INCREMENT=152 DEFAULT CHARSET=utf8;

-- Dumping data for table trader_buddy.retrospective_entries: ~50 rows (approximately)
/*!40000 ALTER TABLE `retrospective_entries` DISABLE KEYS */;
REPLACE INTO `retrospective_entries` (`id`, `entry_text`, `key_point`, `line_number`, `retrospective_id`) VALUES
	(97, 'Only 1 promo payment on Friday. We\'re improving on the promo payments which I think is a good win!', b'1', 1, 20),
	(98, 'Issue this week was forcing trades. I keep entering the market because I think I see something but I\'m really just convincing myself of something that isn\'t there. I end to be okay with the idea that I might not enter the market for a whole day.', b'0', 2, 20),
	(99, 'Re-entering immediately after a losing position is a low probability play and I should avoid doing it. I\'ve been having issues with consecutive compound losses.', b'0', 3, 20),
	(100, 'My rules work and are generating profits. I just need to continue sticking to them. ', b'0', 4, 20),
	(101, 'Stick to your rules and plan, they will bring us to the end of the road!', b'1', 5, 20),
	(107, 'Emotional week where I was over-trading. The good news is that I have the skill ti trade and play this game. I have good technical analysis. I need to focus on using the areas of value to guide my entries.', b'0', 1, 16),
	(108, 'Need to focus on my take profit levels. I shouldn\'t be aiming for the starts. The stops have helped me, now let\'s work on my targets.', b'0', 2, 16),
	(109, 'My skill continues to grow. I can do this. I just to need remember my rules and plan.', b'0', 3, 16),
	(110, 'Discipline needs to be maintained by focusing on my rules and plan!', b'1', 4, 16),
	(111, 'This week I displayed great skill at finding nice and lucrative trades. I\'m proud that my technical education is bearing fruit so I should take that as a big positive.', b'0', 1, 15),
	(112, 'My mental game needs some work. I have books that should help but I need to work on my patience. Another big one is to stop worrying about the money and the future. I can\'t get there if I don\'t perform and focus on now.', b'0', 2, 15),
	(113, 'This coming week I will focus on a good mental game and improve my ability to pick directions. Let\'s get it.', b'0', 3, 15),
	(114, 'Mental game needs work, focus on the now not the future. Don\'t get caught up with money and numerical amounts', b'1', 4, 15),
	(115, 'Overall the week was good since I maintained my goals. I\'m showing good skill at making nice trades. I should be proud of that', b'0', 1, 4),
	(116, 'My losses are too big. I need to enter each trade with hard-coded stop losses. Had I kept my losses smaller I\'d hit my targets sooner and stay out of the market faster.', b'0', 2, 4),
	(117, 'Good entries and exits, need to work on stops and I\'ll be in good shape. Looking forward to next week.', b'0', 3, 4),
	(118, 'Focus on better stop losses on each trade, reduce the size of my losses!', b'1', 4, 4),
	(119, 'Finished the week with nice profits but I did ignore some losses. Making the switch to trade only with-trend was a great decision. It kept me on the right side of the market.', b'0', 1, 3),
	(120, 'My entries were in the right direction but too early. The drawdowns are too high. I need to be more selective and quicker to exit.', b'0', 2, 3),
	(121, 'I need to set up better trades with protective stops. My losses are too high. I should follow my rules of only entering on highs and lows of candles', b'0', 3, 3),
	(122, 'Overall good first week, looking forward to the next week. Need to keep my head in the game and better time my entries. I can do this', b'0', 4, 3),
	(123, 'Losses too high. Need protective stops.', b'1', 5, 3),
	(124, 'Difficult week emotionally. Some big bull trend days but I kept going counter-trend expecting the big dump. This isn\'t a sustainable way of trading. Wasn\'t following my rules and I payed the price for it.', b'0', 1, 18),
	(125, 'Show nice skill to dig myself out of big holes. This indicates that I have the skill to win at this game. I need to focus on accepting the always-in direction and to not aim for big dumps. My trades need to aim for small, consistent gains and not Hail Mary\'s!!!', b'0', 2, 18),
	(126, 'Need to be more impartial to market direction. Stay with the trend. 25 EMA will protect me.', b'0', 3, 18),
	(127, 'Focus on reading the chart for what it is and not what I think it will be. The answer is always in front of me', b'1', 4, 18),
	(128, '* 2 days were write-offs and Monday was a holiday: Labor Day', b'1', 5, 18),
	(129, 'Start of a new month where I was supposed to go live, I\'m glad I didn\'t. I\'m still not taking it seriously enough. Still predicting too much and not enough reacting. I\'m getting distracted by outside noise.', b'0', 1, 17),
	(130, 'I have the skill to get in on the big moves, just need to improve my entries. Higher lot sizes with some volatility mean that I need to focus on good entries. I\'ve lost a few on tight stops.', b'0', 2, 17),
	(131, 'The promo payments need to stop, they\'re not sustainable. It\'s a sign that I\'m not taking it seriously. Enter with stops and we\'ll cut them out', b'0', 3, 17),
	(132, 'Take paper trading more seriously!', b'1', 4, 17),
	(133, 'Reduce promo payments, they\'re not going to be there during go-live', b'1', 5, 17),
	(134, 'This week I showed new skills of multi-trading. I need to lower my position sizes. Choppy markets kill me with full position sizing.', b'0', 1, 21),
	(135, 'Getting very tilted and posting consecutive losses because I can\'t handle being wrong. I need to lower my position sizes to reduce emotion and tilt and look for multi-entries.', b'0', 2, 21),
	(136, 'Stick to the always-in direction and trade near areas of value. Smaller position sizes and accept that I can and will be wrong', b'0', 3, 21),
	(137, 'I need to stop being in a rush. I force trades because I\'m impatient and want to be finished.', b'0', 4, 21),
	(138, 'I tend to focus on numerical profit amounts and miss take profits because I push them too far to make up for previous losses. I am over-trading and need to relax. Lower my position size! It will make me more profitable', b'0', 5, 21),
	(139, 'Lower position sizes !!', b'1', 6, 21),
	(140, 'I wrote off 1 day for emotional instability. I am confident of my ability to handle myself better moving forward.', b'1', 7, 21),
	(141, 'Overall strong week for trading. When following my structured approached I tend to have the most success. Need to focus on keeping things mechanical', b'0', 1, 22),
	(142, 'Emotions will creep up, need to focus on my technique and technical skills to keep me grounded and focus on what the chart is telling me and not what I think / want it to tell me', b'0', 2, 22),
	(143, 'Not much to say about this week overall. Small position sizes continue to be very important', b'0', 3, 22),
	(144, 'Small position sizes coupled with levels & zones will keep the gains consistent', b'1', 4, 22),
	(145, 'Very difficult trading week which was unfortunate considering the prior week was a strong one. I was unstable emotionally, probably creeped in from my personal life during the weekend.', b'0', 1, 23),
	(146, 'Confidence has been shaky. I don\'t feel like I even have a strategy, sort of feel lost and insecure about what I\'m doing.', b'0', 2, 23),
	(147, 'Had some discipline issues this week, not following my rules. Probably a result of my lack of confidence.', b'0', 3, 23),
	(148, 'Need to be up and awake before the market opens. Have to prioritize pre & post-market routines', b'0', 4, 23),
	(149, 'Struggled with emotional consistency and discipline. Lacked confidence with my strategy', b'1', 5, 23),
	(150, 'Need to focus on my system that I\'ve built with my experience, celebrate my skill and accept my mistakes as areas of improvement', b'1', 6, 23),
	(151, 'I need to be better with my pre & post-market routines. Prep work is extremely important and will keep me on the right side of the market', b'1', 7, 23);
/*!40000 ALTER TABLE `retrospective_entries` ENABLE KEYS */;

-- Dumping structure for table trader_buddy.trades
CREATE TABLE IF NOT EXISTS `trades` (
  `id` bigint(20) NOT NULL AUTO_INCREMENT,
  `close_price` double DEFAULT NULL,
  `lot_size` double DEFAULT NULL,
  `net_profit` double DEFAULT NULL,
  `open_price` double DEFAULT NULL,
  `reason_for_entrance` varchar(255) DEFAULT NULL,
  `result_of_trade` varchar(255) DEFAULT NULL,
  `trade_close_time` datetime DEFAULT NULL,
  `trade_id` varchar(255) DEFAULT NULL,
  `trade_open_time` datetime DEFAULT NULL,
  `trade_type` int(11) DEFAULT NULL,
  `trading_platform` int(11) DEFAULT NULL,
  `product` varchar(255) DEFAULT NULL,
  `relevant` bit(1) DEFAULT NULL,
  PRIMARY KEY (`id`),
  UNIQUE KEY `UK_8d1lubanjnkryvjsjpqol15qh` (`trade_id`)
) ENGINE=InnoDB AUTO_INCREMENT=1028 DEFAULT CHARSET=utf8;

-- Dumping data for table trader_buddy.trades: ~847 rows (approximately)
/*!40000 ALTER TABLE `trades` DISABLE KEYS */;
REPLACE INTO `trades` (`id`, `close_price`, `lot_size`, `net_profit`, `open_price`, `reason_for_entrance`, `result_of_trade`, `trade_close_time`, `trade_id`, `trade_open_time`, `trade_type`, `trading_platform`, `product`, `relevant`) VALUES
	(1, 12584.97, 0.5, 1.2, 12586.84, '', '', '2022-07-21 15:32:00', 'O5-75-5DXQFJ', '2022-07-21 15:32:00', 1, 0, 'US NDAQ 100 - Cash', b'0'),
	(2, 0, 0, 10, 0, '', '', '2022-07-06 16:42:00', '1093061181', '2022-07-06 16:42:00', 2, 0, 'US NDAQ 100 - Cash', b'0'),
	(3, 0, 0, 43.05, 0, '', '', '2022-08-01 11:39:00', '1101791197', '2022-08-01 11:39:00', 2, 0, 'US NDAQ 100 - Cash', b'0'),
	(4, 13002.69, 0.8, 8.73, 13011.16, '', '', '2022-08-25 11:24:00', 'O5-77-5H9VNG', '2022-08-25 11:20:00', 1, 0, 'US NDAQ 100 - Cash', b'1'),
	(5, 13672.65, 0.65, -7.19, 13681.21, '', '', '2022-08-16 13:48:00', 'O5-77-5GLDN1', '2022-08-16 13:45:00', 0, 0, 'US NDAQ 100 - Cash', b'1'),
	(6, 13544.59, 0.68, 0, 13544.59, '', '', '2022-08-18 11:33:00', 'O5-77-5GVRLE', '2022-08-18 11:32:00', 0, 0, 'US NDAQ 100 - Cash', b'0'),
	(7, 11807.12, 0.5, 3.29, 11812.18, '', '', '2022-07-06 13:28:00', 'O5-74-5CQSC5', '2022-07-06 13:25:00', 1, 0, 'US NDAQ 100 - Cash', b'0'),
	(8, 12930.06, 0.75, -10.27, 12919.56, '', '', '2022-08-24 11:08:00', 'O5-77-5H7MBE', '2022-08-24 11:06:00', 1, 0, 'US NDAQ 100 - Cash', b'1'),
	(9, 12240.8, 1, 1.82, 12239.38, '', '', '2022-07-19 15:43:00', 'O5-75-5DLHXM', '2022-07-19 15:43:00', 0, 0, 'US NDAQ 100 - Cash', b'0'),
	(10, 13414.56, 0.69, -16.9, 13433.43, '', '', '2022-08-18 10:00:00', 'O5-77-5GV4R5', '2022-08-18 09:57:00', 0, 0, 'US NDAQ 100 - Cash', b'1'),
	(11, 12925.81, 0.75, -14.21, 12940.35, '', '', '2022-08-23 10:38:00', 'O5-77-5H5E6S', '2022-08-23 10:37:00', 0, 0, 'US NDAQ 100 - Cash', b'0'),
	(12, 12932.72, 0.5, 0, 12932.72, '', '', '2022-08-01 14:41:00', 'O5-76-5EYK2J', '2022-08-01 14:33:00', 0, 0, 'US NDAQ 100 - Cash', b'0'),
	(13, 13549.53, 0.67, 9.91, 13561.03, '', '', '2022-08-15 09:40:00', 'O5-77-5GEFGK', '2022-08-15 09:40:00', 1, 0, 'US NDAQ 100 - Cash', b'0'),
	(14, 12349.48, 0.5, 2.31, 12353.08, '', '', '2022-07-20 13:10:00', 'O5-75-5DRP4Z', '2022-07-20 13:10:00', 1, 0, 'US NDAQ 100 - Cash', b'0'),
	(15, 13473.22, 0.68, 12.87, 13487.91, '', '', '2022-08-18 12:44:00', 'O5-77-5GVYZ2', '2022-08-18 12:28:00', 1, 0, 'US NDAQ 100 - Cash', b'1'),
	(16, 13513.85, 0.65, 2.81, 13517.21, '', '', '2022-08-17 09:32:00', 'O5-77-5GQ0XN', '2022-08-17 09:32:00', 1, 0, 'US NDAQ 100 - Cash', b'1'),
	(17, 12929.78, 0.75, -7.51, 12937.45, '', '', '2022-08-23 09:58:00', 'O5-77-5H55XT', '2022-08-23 09:57:00', 0, 0, 'US NDAQ 100 - Cash', b'1'),
	(18, 12143.34, 0.5, -2.64, 12139.26, '', '', '2022-07-19 12:13:00', 'O5-75-5DKPJ4', '2022-07-19 12:12:00', 1, 0, 'US NDAQ 100 - Cash', b'0'),
	(19, 13031.5, 0.65, 5.39, 13025.02, '', '', '2022-08-09 09:33:00', 'O5-77-5FZP7V', '2022-08-09 09:33:00', 0, 0, 'US NDAQ 100 - Cash', b'1'),
	(20, 13443.58, 0.45, -0.34, 13442.99, '', '', '2022-08-18 10:14:00', 'O5-77-5GV7W6', '2022-08-18 10:10:00', 1, 0, 'US NDAQ 100 - Cash', b'1'),
	(21, 12972.88, 0.75, 0, 12972.88, '', '', '2022-08-22 11:59:00', 'O5-77-5H3B9Q', '2022-08-22 11:58:00', 0, 0, 'US NDAQ 100 - Cash', b'0'),
	(22, 12377.56, 0.5, 2.06, 12380.78, '', '', '2022-07-20 13:08:00', 'O5-75-5DRNTX', '2022-07-20 13:08:00', 1, 0, 'US NDAQ 100 - Cash', b'0'),
	(23, 12942.29, 0.75, 6.94, 12935.12, '', '', '2022-08-23 10:31:00', 'O5-77-5H5D7T', '2022-08-23 10:30:00', 0, 0, 'US NDAQ 100 - Cash', b'1'),
	(24, 13545.9, 0.65, 3.97, 13550.65, '', '', '2022-08-15 09:47:00', 'O5-77-5GEHLP', '2022-08-15 09:46:00', 1, 0, 'US NDAQ 100 - Cash', b'0'),
	(25, 11958.14, 0.5, 4.85, 11965.62, '', '', '2022-07-15 14:56:00', 'O5-74-5DCXXT', '2022-07-15 14:48:00', 1, 0, 'US NDAQ 100 - Cash', b'0'),
	(26, 11759.36, 1, 5.42, 11755.19, '', '', '2022-07-06 11:51:00', 'O5-74-5CQL2H', '2022-07-06 11:50:00', 0, 0, 'US NDAQ 100 - Cash', b'0'),
	(27, 13239.31, 0.7, 0, 13239.31, '', '', '2022-08-19 11:19:00', 'O5-77-5H03DV', '2022-08-19 11:12:00', 1, 0, 'US NDAQ 100 - Cash', b'0'),
	(28, 12971.97, 0.75, -7.39, 12964.45, '', '', '2022-08-22 10:27:00', 'O5-77-5H2ZMD', '2022-08-22 10:26:00', 1, 0, 'US NDAQ 100 - Cash', b'1'),
	(29, 0, 0, 14.06, 0, '', '', '2022-07-21 09:32:00', '1098341501', '2022-07-21 09:32:00', 2, 0, 'US NDAQ 100 - Cash', b'0'),
	(30, 0, 0, 20.25, 0, '', '', '2022-07-19 10:02:00', '1097349814', '2022-07-19 10:02:00', 2, 0, 'US NDAQ 100 - Cash', b'0'),
	(31, 0, 0, 7.25, 0, '', '', '2022-08-22 10:24:00', '1108884321', '2022-08-22 10:24:00', 2, 0, 'US NDAQ 100 - Cash', b'0'),
	(32, 12952.41, 0.6, 10.05, 12965.51, '', '', '2022-08-02 13:30:00', 'O5-76-5F4D96', '2022-08-02 13:29:00', 1, 0, 'US NDAQ 100 - Cash', b'1'),
	(33, 12897.55, 0.5, 3.73, 12891.71, '', '', '2022-08-01 14:03:00', 'O5-76-5EY6L9', '2022-08-01 14:03:00', 0, 0, 'US NDAQ 100 - Cash', b'1'),
	(34, 0, 0, 85.8, 0, '', '', '2022-07-06 16:42:00', '1093061173', '2022-07-06 16:42:00', 2, 0, 'US NDAQ 100 - Cash', b'0'),
	(35, 13705.61, 0.65, 23.26, 13677.61, '', '', '2022-08-16 14:09:00', 'O5-77-5GLE22', '2022-08-16 13:50:00', 0, 0, 'US NDAQ 100 - Cash', b'1'),
	(36, 11825, 0.25, -3, 11815.86, '', '', '2022-07-06 13:58:00', 'O5-74-5CQTD2', '2022-07-06 13:49:00', 1, 0, 'US NDAQ 100 - Cash', b'0'),
	(37, 12015.21, 0.5, 2.15, 12018.56, '', '', '2022-07-19 10:05:00', 'O5-75-5DJV9V', '2022-07-19 10:05:00', 1, 0, 'US NDAQ 100 - Cash', b'0'),
	(38, 12973.93, 0.6, 2.56, 12977.27, '', '', '2022-08-02 13:28:00', 'O5-76-5F4CXB', '2022-08-02 13:28:00', 1, 0, 'US NDAQ 100 - Cash', b'1'),
	(39, 287.56, 2, -5.05, 285.62, '', '', '2022-07-13 13:02:00', 'O5-74-5D5P37', '2022-07-13 11:51:00', 1, 0, 'US NDAQ 100 - Cash', b'0'),
	(40, 12967.43, 0.75, 1.94, 12969.42, '', '', '2022-08-22 10:39:00', 'O5-77-5H317X', '2022-08-22 10:38:00', 1, 0, 'US NDAQ 100 - Cash', b'1'),
	(41, 0, 0, 25.1, 0, '', '', '2022-08-24 10:05:00', '1109810973', '2022-08-24 10:05:00', 2, 0, 'US NDAQ 100 - Cash', b'0'),
	(42, 13382.02, 0.69, 10.38, 13393.84, '', '', '2022-08-12 10:00:00', 'O5-77-5GB1HF', '2022-08-12 10:00:00', 1, 0, 'US NDAQ 100 - Cash', b'1'),
	(43, 13096.06, 0.6, 1.9, 13093.59, '', '', '2022-08-03 10:46:00', 'O5-76-5F9XS4', '2022-08-03 10:45:00', 0, 0, 'US NDAQ 100 - Cash', b'1'),
	(44, 12446.77, 0.5, 0.74, 12447.93, '', '', '2022-07-21 10:58:00', 'O5-75-5DWSR5', '2022-07-21 10:58:00', 1, 0, 'US NDAQ 100 - Cash', b'0'),
	(45, 12121.77, 0.5, 0.81, 12123.04, '', '', '2022-07-19 11:19:00', 'O5-75-5DKE8X', '2022-07-19 11:18:00', 1, 0, 'US NDAQ 100 - Cash', b'0'),
	(46, 179.5, 2, -0.7, 179.23, '', '', '2022-07-08 12:18:00', 'O5-74-5CX0MM', '2022-07-08 12:02:00', 1, 0, 'US NDAQ 100 - Cash', b'0'),
	(47, 13273.28, 0.35, -13.42, 13243.43, '', '', '2022-08-10 10:34:00', 'O5-77-5G4RTV', '2022-08-10 10:23:00', 1, 0, 'US NDAQ 100 - Cash', b'0'),
	(48, 11640, 0.5, -6.87, 11629.38, '', '', '2022-06-29 11:07:00', 'O5-73-5C9JCN', '2022-06-29 11:07:00', 1, 0, 'US NDAQ 100 - Cash', b'0'),
	(49, 12925.82, 0.5, 4.61, 12918.6, '', '', '2022-08-01 14:14:00', 'O5-76-5EYBFQ', '2022-08-01 14:14:00', 0, 0, 'US NDAQ 100 - Cash', b'1'),
	(50, 12941.47, 0.6, -14.18, 12923.18, '', '', '2022-08-02 11:26:00', 'O5-76-5F3NSN', '2022-08-02 11:25:00', 1, 0, 'US NDAQ 100 - Cash', b'1'),
	(51, 178.08, 3, 0.04, 178.07, '', '', '2022-07-07 13:35:00', 'O5-74-5CTGFF', '2022-07-07 13:25:00', 0, 0, 'US NDAQ 100 - Cash', b'0'),
	(52, 13288.86, 0.7, -8.12, 13279.98, '', '', '2022-08-19 10:01:00', 'O5-77-5GZQBD', '2022-08-19 10:00:00', 1, 0, 'US NDAQ 100 - Cash', b'1'),
	(53, 13379.17, 0.25, 0.98, 13382.24, '', '', '2022-08-12 10:04:00', 'O5-77-5GB2KE', '2022-08-12 10:04:00', 1, 0, 'US NDAQ 100 - Cash', b'1'),
	(54, 13459.56, 0.65, 9.9, 13471.57, '', '', '2022-08-11 09:45:00', 'O5-77-5G7EQY', '2022-08-11 09:42:00', 1, 0, 'US NDAQ 100 - Cash', b'1'),
	(55, 13271.46, 0.7, 0.36, 13271.06, '', '', '2022-08-19 10:40:00', 'O5-77-5GZY23', '2022-08-19 10:37:00', 0, 0, 'US NDAQ 100 - Cash', b'1'),
	(56, 13574.53, 0.65, -11.08, 13561.4, '', '', '2022-08-15 10:42:00', 'O5-77-5GEXMH', '2022-08-15 10:41:00', 1, 0, 'US NDAQ 100 - Cash', b'0'),
	(57, 13010.69, 0.8, 11.3, 13021.66, '', '', '2022-08-25 11:15:00', 'O5-77-5H9V1Y', '2022-08-25 11:15:00', 1, 0, 'US NDAQ 100 - Cash', b'1'),
	(58, 12863.94, 0.75, -25.1, 12889.52, '', '', '2022-08-24 10:05:00', 'O5-77-5H7E6K', '2022-08-24 10:03:00', 0, 0, 'US NDAQ 100 - Cash', b'0'),
	(59, 13477.13, 0.68, -6.58, 13484.58, '', '', '2022-08-18 11:05:00', 'O5-77-5GVMG5', '2022-08-18 11:05:00', 0, 0, 'US NDAQ 100 - Cash', b'1'),
	(60, 12957.45, 0.75, -4.5, 12952.87, '', '', '2022-08-22 11:35:00', 'O5-77-5H37EM', '2022-08-22 11:33:00', 1, 0, 'US NDAQ 100 - Cash', b'1'),
	(61, 12921.64, 0.6, -10.37, 12908.27, '', '', '2022-08-02 11:23:00', 'O5-76-5F3N1D', '2022-08-02 11:21:00', 1, 0, 'US NDAQ 100 - Cash', b'1'),
	(62, 12885.08, 0.75, -8.01, 12893.25, '', '', '2022-08-24 10:03:00', 'O5-77-5H7E4X', '2022-08-24 10:02:00', 0, 0, 'US NDAQ 100 - Cash', b'1'),
	(63, 12000, 0.5, -20.25, 11968.81, '', '', '2022-07-19 09:53:00', 'O5-75-5DJPQP', '2022-07-19 09:47:00', 1, 0, 'US NDAQ 100 - Cash', b'0'),
	(64, 13537.59, 0.68, 0, 13537.59, '', '', '2022-08-18 11:53:00', 'O5-77-5GVV71', '2022-08-18 11:53:00', 0, 0, 'US NDAQ 100 - Cash', b'0'),
	(65, 12122.31, 0.5, 1.61, 12124.82, '', '', '2022-07-19 12:06:00', 'O5-75-5DKNJ2', '2022-07-19 12:06:00', 1, 0, 'US NDAQ 100 - Cash', b'0'),
	(66, 12562.71, 0.5, 2.22, 12566.19, '', '', '2022-07-22 10:42:00', 'O5-75-5E1912', '2022-07-22 10:42:00', 1, 0, 'US NDAQ 100 - Cash', b'0'),
	(67, 12396.2, 0.5, 3.34, 12401.39, '', '', '2022-07-21 09:35:00', 'O5-75-5DW78B', '2022-07-21 09:35:00', 1, 0, 'US NDAQ 100 - Cash', b'0'),
	(68, 13026.82, 0.8, -6.56, 13020.51, '', '', '2022-08-25 11:15:00', 'O5-77-5H9V0N', '2022-08-25 11:14:00', 1, 0, 'US NDAQ 100 - Cash', b'1'),
	(69, 41.25, 6, -1.95, 41, '', '', '2022-07-08 13:49:00', 'O5-74-5CX4W4', '2022-07-08 13:04:00', 1, 0, 'US NDAQ 100 - Cash', b'0'),
	(70, 13004.23, 0.7, -5.84, 13010.6, '', '', '2022-08-22 09:49:00', 'O5-77-5H2M3W', '2022-08-22 09:49:00', 0, 0, 'US NDAQ 100 - Cash', b'1'),
	(71, 13042.69, 0.5, 9.04, 13056.86, '', '', '2022-08-01 12:04:00', 'O5-76-5EX1GT', '2022-08-01 11:55:00', 1, 0, 'US NDAQ 100 - Cash', b'1'),
	(72, 12458.96, 0.5, -19.94, 12428.24, '', '', '2022-07-21 09:40:00', 'O5-75-5DW7YP', '2022-07-21 09:37:00', 1, 0, 'US NDAQ 100 - Cash', b'0'),
	(73, 12952.22, 0.75, -7, 12959.34, '', '', '2022-08-22 11:48:00', 'O5-77-5H38HF', '2022-08-22 11:44:00', 0, 0, 'US NDAQ 100 - Cash', b'1'),
	(74, 13586.89, 0.68, -23.86, 13613.9, '', '', '2022-08-15 10:00:00', 'O5-77-5GELXS', '2022-08-15 09:59:00', 0, 0, 'US NDAQ 100 - Cash', b'0'),
	(75, 13544.14, 0.68, -0.64, 13544.87, '', '', '2022-08-18 11:51:00', 'O5-77-5GVTVC', '2022-08-18 11:50:00', 0, 0, 'US NDAQ 100 - Cash', b'1'),
	(76, 13547.63, 0.68, -6.52, 13540.25, '', '', '2022-08-18 11:42:00', 'O5-77-5GVSTE', '2022-08-18 11:41:00', 1, 0, 'US NDAQ 100 - Cash', b'1'),
	(77, 12664.71, 0.35, -7.48, 12648.7, '', '', '2022-07-06 15:12:00', 'O5-74-5CQZ24', '2022-07-06 14:32:00', 1, 0, 'US NDAQ 100 - Cash', b'0'),
	(78, 290.35, 5, 3.5, 290.89, '', '', '2022-07-15 10:02:00', 'O5-74-5DC6YQ', '2022-07-15 10:01:00', 1, 0, 'US NDAQ 100 - Cash', b'0'),
	(79, 0, 0, 10.21, 0, '', '', '2022-07-19 15:43:00', '1097449158', '2022-07-19 15:43:00', 2, 0, 'US NDAQ 100 - Cash', b'0'),
	(80, 13018.92, 0.8, 12.48, 13031.02, '', '', '2022-08-26 10:02:00', 'O5-77-5HCPK2', '2022-08-26 10:02:00', 1, 0, 'US NDAQ 100 - Cash', b'1'),
	(81, 13449.58, 0.68, -8.67, 13459.4, '', '', '2022-08-18 09:48:00', 'O5-77-5GV2SN', '2022-08-18 09:48:00', 0, 0, 'US NDAQ 100 - Cash', b'1'),
	(82, 13537.08, 0.6, -5.29, 13530.28, '', '', '2022-08-15 11:15:00', 'O5-77-5GF3CR', '2022-08-15 11:14:00', 1, 0, 'US NDAQ 100 - Cash', b'1'),
	(83, 0, 0, 21.88, 0, '', '', '2022-08-08 11:06:00', '1104202584', '2022-08-08 11:06:00', 2, 0, 'US NDAQ 100 - Cash', b'0'),
	(84, 13036.59, 0.8, 7.87, 13044.23, '', '', '2022-08-25 11:11:00', 'O5-77-5H9TQ4', '2022-08-25 11:10:00', 1, 0, 'US NDAQ 100 - Cash', b'1'),
	(85, 13008.37, 0.5, 2.46, 13012.23, '', '', '2022-08-01 12:30:00', 'O5-76-5EX9ZS', '2022-08-01 12:23:00', 1, 0, 'US NDAQ 100 - Cash', b'1'),
	(86, 13424.25, 0.68, -8, 13415.19, '', '', '2022-08-18 10:03:00', 'O5-77-5GV599', '2022-08-18 10:00:00', 1, 0, 'US NDAQ 100 - Cash', b'1'),
	(87, 13090.29, 0.8, -0.63, 13090.9, '', '', '2022-08-25 10:50:00', 'O5-77-5H9RM0', '2022-08-25 10:49:00', 0, 0, 'US NDAQ 100 - Cash', b'1'),
	(88, 13464.33, 0.68, 0, 13464.33, '', '', '2022-08-18 09:47:00', 'O5-77-5GV238', '2022-08-18 09:45:00', 1, 0, 'US NDAQ 100 - Cash', b'0'),
	(89, 13491.98, 0.68, 9.4, 13481.23, '', '', '2022-08-18 11:00:00', 'O5-77-5GVLG8', '2022-08-18 10:58:00', 0, 0, 'US NDAQ 100 - Cash', b'1'),
	(90, 12155.15, 0.5, 0.19, 12155.44, '', '', '2022-07-19 12:25:00', 'O5-75-5DKR4C', '2022-07-19 12:25:00', 1, 0, 'US NDAQ 100 - Cash', b'0'),
	(91, 13649.15, 0.65, 6.55, 13641.3, '', '', '2022-08-15 13:24:00', 'O5-77-5GFHLV', '2022-08-15 13:19:00', 0, 0, 'US NDAQ 100 - Cash', b'1'),
	(92, 13432.39, 0.68, 0, 13432.39, '', '', '2022-08-18 09:37:00', 'O5-77-5GTZHH', '2022-08-18 09:36:00', 1, 0, 'US NDAQ 100 - Cash', b'0'),
	(93, 13188.52, 0.6, 11.66, 13203.7, '', '', '2022-08-04 10:34:00', 'O5-76-5FH9M3', '2022-08-04 10:30:00', 1, 0, 'US NDAQ 100 - Cash', b'1'),
	(94, 13495.32, 0.68, 5.58, 13488.85, '', '', '2022-08-11 10:02:00', 'O5-77-5G7LC4', '2022-08-11 10:02:00', 0, 0, 'US NDAQ 100 - Cash', b'1'),
	(95, 13476.64, 0.68, 0.82, 13475.69, '', '', '2022-08-11 09:51:00', 'O5-77-5G7GYP', '2022-08-11 09:50:00', 0, 0, 'US NDAQ 100 - Cash', b'1'),
	(96, 289.18, 2, -1.13, 288.75, '', '', '2022-07-15 09:47:00', 'O5-74-5DC3TP', '2022-07-15 09:46:00', 1, 0, 'US NDAQ 100 - Cash', b'0'),
	(97, 283.34, 2, 1.28, 283.83, '', '', '2022-07-14 12:30:00', 'O5-74-5D8S3S', '2022-07-14 12:24:00', 1, 0, 'US NDAQ 100 - Cash', b'0'),
	(98, 13590.65, 0.65, -6.27, 13598.08, '', '', '2022-08-15 09:55:00', 'O5-77-5GEKWH', '2022-08-15 09:55:00', 0, 0, 'US NDAQ 100 - Cash', b'0'),
	(99, 13057.82, 0.5, -16.43, 13032.32, '', '', '2022-08-01 11:27:00', 'O5-76-5EWT0L', '2022-08-01 11:21:00', 1, 0, 'US NDAQ 100 - Cash', b'0'),
	(100, 669.06, 1, 7.56, 674.96, '', '', '2022-06-29 12:27:00', 'O5-73-5C9MHJ', '2022-06-29 11:36:00', 1, 0, 'US NDAQ 100 - Cash', b'0'),
	(101, 12543.64, 0.5, 2.06, 12540.41, '', '', '2022-07-22 10:41:00', 'O5-75-5E18R8', '2022-07-22 10:41:00', 0, 0, 'US NDAQ 100 - Cash', b'0'),
	(102, 12928.43, 0.75, 0, 12928.43, '', '', '2022-08-24 11:09:00', 'O5-77-5H7MGW', '2022-08-24 11:08:00', 1, 0, 'US NDAQ 100 - Cash', b'0'),
	(103, 0, 0, 4.75, 0, '', '', '2022-07-21 15:08:00', '1098456577', '2022-07-21 15:08:00', 2, 0, 'US NDAQ 100 - Cash', b'0'),
	(104, 13469, 0.68, 31.38, 13504.86, '', '', '2022-08-17 09:41:00', 'O5-77-5GQ2T8', '2022-08-17 09:38:00', 1, 0, 'US NDAQ 100 - Cash', b'1'),
	(105, 13236.22, 0.6, 16.7, 13257.99, '', '', '2022-08-08 11:39:00', 'O5-77-5FVXKH', '2022-08-08 11:28:00', 1, 0, 'US NDAQ 100 - Cash', b'1'),
	(106, 11908.44, 0.35, -34.33, 11833.57, '', '', '2022-07-06 15:12:00', 'O5-74-5CQYFG', '2022-07-06 14:28:00', 1, 0, 'US NDAQ 100 - Cash', b'0'),
	(107, 13537.91, 0.68, 0, 13537.91, '', '', '2022-08-18 11:31:00', 'O5-77-5GVRD4', '2022-08-18 11:30:00', 0, 0, 'US NDAQ 100 - Cash', b'0'),
	(108, 12917.62, 0.75, 7.58, 12925.45, '', '', '2022-08-24 11:04:00', 'O5-77-5H7LXT', '2022-08-24 11:03:00', 1, 0, 'US NDAQ 100 - Cash', b'0'),
	(109, 13004.12, 0.7, 2.98, 13000.84, '', '', '2022-08-22 10:03:00', 'O5-77-5H2T6H', '2022-08-22 10:01:00', 0, 0, 'US NDAQ 100 - Cash', b'1'),
	(110, 282.75, 2, 1.02, 282.36, '', '', '2022-07-14 11:18:00', 'O5-74-5D8J75', '2022-07-14 11:17:00', 0, 0, 'US NDAQ 100 - Cash', b'0'),
	(111, 13488.09, 0.68, -7.9, 13497.03, '', '', '2022-08-18 10:56:00', 'O5-77-5GVJTX', '2022-08-18 10:52:00', 0, 0, 'US NDAQ 100 - Cash', b'1'),
	(112, 12528.99, 0.5, -0.88, 12530.36, '', '', '2022-07-22 10:07:00', 'O5-75-5E0XG2', '2022-07-22 10:07:00', 0, 0, 'US NDAQ 100 - Cash', b'0'),
	(113, 12924.72, 0.75, 11.3, 12913.05, '', '', '2022-08-23 10:04:00', 'O5-77-5H5757', '2022-08-23 10:03:00', 0, 0, 'US NDAQ 100 - Cash', b'1'),
	(114, 12942.3, 0.75, -7.68, 12950.16, '', '', '2022-08-23 10:27:00', 'O5-77-5H5CME', '2022-08-23 10:26:00', 0, 0, 'US NDAQ 100 - Cash', b'1'),
	(115, 13470.53, 0.65, 2.59, 13473.67, '', '', '2022-08-11 09:41:00', 'O5-77-5G7EEJ', '2022-08-11 09:40:00', 1, 0, 'US NDAQ 100 - Cash', b'1'),
	(116, 0, 0, 21.61, 0, '', '', '2022-08-25 09:46:00', '1110272022', '2022-08-25 09:46:00', 2, 0, 'US NDAQ 100 - Cash', b'0'),
	(117, 13299.75, 0.7, 0, 13299.75, '', '', '2022-08-19 10:06:00', 'O5-77-5GZR6J', '2022-08-19 10:04:00', 1, 0, 'US NDAQ 100 - Cash', b'0'),
	(118, 172.005, 3, -1.35, 171.66, '', '', '2022-07-07 13:01:00', 'O5-74-5CTEX3', '2022-07-07 12:55:00', 1, 0, 'US NDAQ 100 - Cash', b'0'),
	(119, 13559.4, 0.65, -7.27, 13550.78, '', '', '2022-08-15 11:20:00', 'O5-77-5GF3WC', '2022-08-15 11:20:00', 1, 0, 'US NDAQ 100 - Cash', b'1'),
	(120, 0, 0, 8, 0, '', '', '2022-08-24 11:14:00', '1109841303', '2022-08-24 11:14:00', 2, 0, 'US NDAQ 100 - Cash', b'0'),
	(121, 12908.32, 0.75, 8.1, 12899.96, '', '', '2022-08-24 10:49:00', 'O5-77-5H7JT5', '2022-08-24 10:44:00', 0, 0, 'US NDAQ 100 - Cash', b'1'),
	(122, 13546.65, 0.65, -12.21, 13532.18, '', '', '2022-08-15 10:29:00', 'O5-77-5GESY6', '2022-08-15 10:23:00', 1, 0, 'US NDAQ 100 - Cash', b'0'),
	(123, 0, 0, 25.38, 0, '', '', '2022-08-08 15:00:00', '1104262573', '2022-08-08 15:00:00', 2, 0, 'US NDAQ 100 - Cash', b'0'),
	(124, 13039.24, 0.8, 3.34, 13036, '', '', '2022-08-25 11:07:00', 'O5-77-5H9TD2', '2022-08-25 11:06:00', 0, 0, 'US NDAQ 100 - Cash', b'1'),
	(125, 13011.93, 0.7, -15.6, 12994.92, '', '', '2022-08-22 09:53:00', 'O5-77-5H2MK8', '2022-08-22 09:50:00', 1, 0, 'US NDAQ 100 - Cash', b'1'),
	(126, 13017.17, 0.65, 9.9, 13005.27, '', '', '2022-08-09 10:34:00', 'O5-77-5G03Z1', '2022-08-09 10:30:00', 0, 0, 'US NDAQ 100 - Cash', b'1'),
	(127, 12397.36, 0.5, -0.16, 12397.11, '', '', '2022-07-20 13:35:00', 'O5-75-5DRSW5', '2022-07-20 13:35:00', 1, 0, 'US NDAQ 100 - Cash', b'0'),
	(128, 295.21, 2, 0.05, 295.23, '', '', '2022-07-08 15:32:00', 'O5-74-5CXCDD', '2022-07-08 15:25:00', 1, 0, 'US NDAQ 100 - Cash', b'0'),
	(129, 674.83, 0.05, 0.41, 681.17, '', '', '2022-06-29 11:10:00', 'O5-73-5C9GPH', '2022-06-29 10:53:00', 1, 0, 'US NDAQ 100 - Cash', b'0'),
	(130, 12226.13, 0.5, 5.04, 12233.99, '', '', '2022-07-19 14:25:00', 'O5-75-5DL7QG', '2022-07-19 14:25:00', 1, 0, 'US NDAQ 100 - Cash', b'0'),
	(131, 13120.99, 0.6, 4.66, 13114.92, '', '', '2022-08-03 10:03:00', 'O5-76-5F9FGQ', '2022-08-03 10:03:00', 0, 0, 'US NDAQ 100 - Cash', b'1'),
	(132, 13523.35, 0.68, 9.79, 13511.98, '', '', '2022-08-11 10:06:00', 'O5-77-5G7M7H', '2022-08-11 10:05:00', 0, 0, 'US NDAQ 100 - Cash', b'1'),
	(133, 12959.82, 0.75, -10.94, 12948.62, '', '', '2022-08-23 10:08:00', 'O5-77-5H57WF', '2022-08-23 10:07:00', 1, 0, 'US NDAQ 100 - Cash', b'1'),
	(134, 0, 0, 13.42, 0, '', '', '2022-08-10 10:34:00', '1105121106', '2022-08-10 10:34:00', 2, 0, 'US NDAQ 100 - Cash', b'0'),
	(135, 13541.4, 0.67, -12.07, 13527.53, '', '', '2022-08-15 09:43:00', 'O5-77-5GEGB7', '2022-08-15 09:42:00', 1, 0, 'US NDAQ 100 - Cash', b'0'),
	(136, 0, 0, 11.86, 0, '', '', '2022-08-26 10:00:00', '1110737488', '2022-08-26 10:00:00', 2, 0, 'US NDAQ 100 - Cash', b'0'),
	(137, 11640, 1, -8.25, 11633.63, '', '', '2022-06-29 11:06:00', 'O5-73-5C9J4K', '2022-06-29 11:05:00', 1, 0, 'US NDAQ 100 - Cash', b'0'),
	(138, 166.99, 0.09, 0.01, 167.04, '', '', '2022-07-06 11:50:00', 'O5-74-5CQKJ8', '2022-07-06 11:43:00', 1, 0, 'US NDAQ 100 - Cash', b'0'),
	(139, 12548.04, 0.5, 2.07, 12544.8, '', '', '2022-07-22 10:35:00', 'O5-75-5E17CX', '2022-07-22 10:35:00', 0, 0, 'US NDAQ 100 - Cash', b'0'),
	(140, 12462.05, 0.5, -14.06, 12440.41, '', '', '2022-07-21 09:32:00', 'O5-75-5DW5KJ', '2022-07-21 09:30:00', 1, 0, 'US NDAQ 100 - Cash', b'0'),
	(141, 13052.41, 0.5, -10.68, 13035.83, '', '', '2022-08-01 11:13:00', 'O5-76-5EWN8J', '2022-08-01 11:07:00', 1, 0, 'US NDAQ 100 - Cash', b'0'),
	(142, 13038.48, 0.8, 0, 13038.48, '', '', '2022-08-25 11:06:00', 'O5-77-5H9TBS', '2022-08-25 11:06:00', 0, 0, 'US NDAQ 100 - Cash', b'0'),
	(143, 12965.86, 0.75, -7.63, 12958.05, '', '', '2022-08-23 10:33:00', 'O5-77-5H5DP1', '2022-08-23 10:33:00', 1, 0, 'US NDAQ 100 - Cash', b'0'),
	(144, 13146.01, 0.6, 11.23, 13160.56, '', '', '2022-08-05 11:12:00', 'O5-76-5FNYN1', '2022-08-05 11:07:00', 1, 0, 'US NDAQ 100 - Cash', b'1'),
	(145, 12947.46, 0.75, -9.36, 12956.98, '', '', '2022-08-22 10:34:00', 'O5-77-5H30ND', '2022-08-22 10:34:00', 0, 0, 'US NDAQ 100 - Cash', b'0'),
	(146, 12914.31, 0.75, 1.21, 12915.56, '', '', '2022-08-24 10:54:00', 'O5-77-5H7KX9', '2022-08-24 10:54:00', 1, 0, 'US NDAQ 100 - Cash', b'1'),
	(147, 284.98, 2, 0, 284.98, '', '', '2022-07-14 13:47:00', 'O5-74-5D8Z5M', '2022-07-14 13:43:00', 1, 0, 'US NDAQ 100 - Cash', b'0'),
	(148, 13542.28, 0.65, 5.74, 13549.15, '', '', '2022-08-15 09:46:00', 'O5-77-5GEHE7', '2022-08-15 09:46:00', 1, 0, 'US NDAQ 100 - Cash', b'0'),
	(149, 0, 0, 37.56, 0, '', '', '2022-08-23 09:48:00', '1109333935', '2022-08-23 09:48:00', 2, 0, 'US NDAQ 100 - Cash', b'0'),
	(150, 13505.21, 0.68, 12.89, 13490.46, '', '', '2022-08-18 10:51:00', 'O5-77-5GVH45', '2022-08-18 10:47:00', 0, 0, 'US NDAQ 100 - Cash', b'1'),
	(151, 13492.28, 0.68, 5.94, 13499.06, '', '', '2022-08-18 12:25:00', 'O5-77-5GVY5H', '2022-08-18 12:21:00', 1, 0, 'US NDAQ 100 - Cash', b'1'),
	(152, 0, 0, 7.62, 0, '', '', '2022-08-22 10:15:00', '1108879751', '2022-08-22 10:15:00', 2, 0, 'US NDAQ 100 - Cash', b'0'),
	(153, 12550.01, 0.5, 1.35, 12547.9, '', '', '2022-07-22 10:45:00', 'O5-75-5E19JM', '2022-07-22 10:45:00', 0, 0, 'US NDAQ 100 - Cash', b'0'),
	(154, 12979.22, 0.65, 0, 12979.22, '', '', '2022-08-09 10:25:00', 'O5-77-5G01WB', '2022-08-09 10:22:00', 0, 0, 'US NDAQ 100 - Cash', b'0'),
	(155, 12966.2, 0.75, 0, 12966.2, '', '', '2022-08-22 10:38:00', 'O5-77-5H3137', '2022-08-22 10:37:00', 1, 0, 'US NDAQ 100 - Cash', b'0'),
	(156, 287.59, 2, -7.65, 284.65, '', '', '2022-07-13 13:02:00', 'O5-74-5D5NLY', '2022-07-13 11:46:00', 1, 0, 'US NDAQ 100 - Cash', b'0'),
	(157, 13025.14, 0.7, 17.82, 13044.78, '', '', '2022-08-22 09:48:00', 'O5-77-5H2JET', '2022-08-22 09:44:00', 1, 0, 'US NDAQ 100 - Cash', b'1'),
	(158, 12028.66, 0.5, 7.34, 12040.09, '', '', '2022-07-19 10:13:00', 'O5-75-5DJX8D', '2022-07-19 10:13:00', 1, 0, 'US NDAQ 100 - Cash', b'0'),
	(159, 13271.15, 0.7, 0, 13271.15, '', '', '2022-08-19 10:35:00', 'O5-77-5GZXFV', '2022-08-19 10:33:00', 0, 0, 'US NDAQ 100 - Cash', b'0'),
	(160, 282.4, 2, -0.05, 282.42, '', '', '2022-07-14 11:12:00', 'O5-74-5D8GVS', '2022-07-14 11:08:00', 0, 0, 'US NDAQ 100 - Cash', b'0'),
	(161, 12929.26, 0.75, -8.12, 12937.55, '', '', '2022-08-24 10:36:00', 'O5-77-5H7HSS', '2022-08-24 10:35:00', 0, 0, 'US NDAQ 100 - Cash', b'1'),
	(162, 12939.65, 0.6, 1.77, 12937.34, '', '', '2022-08-02 10:50:00', 'O5-76-5F3BRY', '2022-08-02 10:50:00', 0, 0, 'US NDAQ 100 - Cash', b'1'),
	(163, 12888.65, 0.75, 13.8, 12874.44, '', '', '2022-08-24 10:08:00', 'O5-77-5H7EMY', '2022-08-24 10:06:00', 0, 0, 'US NDAQ 100 - Cash', b'1'),
	(164, 13069.26, 0.65, 8.45, 13059.1, '', '', '2022-08-09 09:47:00', 'O5-77-5FZS9X', '2022-08-09 09:45:00', 0, 0, 'US NDAQ 100 - Cash', b'1'),
	(165, 0, 0, 10000, 0, '', '', '2022-06-28 16:26:00', '1090033653', '2022-06-28 16:26:00', 2, 0, 'US NDAQ 100 - Cash', b'0'),
	(166, 13472.3, 0.68, 0, 13472.3, '', '', '2022-08-11 09:59:00', 'O5-77-5G7JTX', '2022-08-11 09:56:00', 1, 0, 'US NDAQ 100 - Cash', b'0'),
	(167, 12940.22, 0.75, -23.79, 12915.91, '', '', '2022-08-23 09:50:00', 'O5-77-5H5427', '2022-08-23 09:48:00', 1, 0, 'US NDAQ 100 - Cash', b'0'),
	(168, 13043.06, 0.8, 10.89, 13032.48, '', '', '2022-08-25 10:10:00', 'O5-77-5H9LVH', '2022-08-25 10:08:00', 0, 0, 'US NDAQ 100 - Cash', b'1'),
	(169, 12421.26, 0.5, 2.86, 12425.73, '', '', '2022-07-20 13:01:00', 'O5-75-5DRMNM', '2022-07-20 13:00:00', 1, 0, 'US NDAQ 100 - Cash', b'0'),
	(170, 12239.38, 0.5, -4.23, 12232.84, '', '', '2022-07-19 15:43:00', 'O5-75-5DLHW8', '2022-07-19 15:42:00', 1, 0, 'US NDAQ 100 - Cash', b'0'),
	(171, 93.91, 5, -1.7, 93.65, '', '', '2022-07-07 12:53:00', 'O5-74-5CTD5P', '2022-07-07 12:24:00', 1, 0, 'US NDAQ 100 - Cash', b'0'),
	(172, 13390.78, 0.68, 3.57, 13394.9, '', '', '2022-08-12 10:03:00', 'O5-77-5GB2F3', '2022-08-12 10:03:00', 1, 0, 'US NDAQ 100 - Cash', b'1'),
	(173, 0, 0, 5.5, 0, '', '', '2022-08-15 10:20:00', '1106530301', '2022-08-15 10:20:00', 2, 0, 'US NDAQ 100 - Cash', b'0'),
	(174, 503.82, 1, -2.2, 502.13, '', '', '2022-07-08 11:59:00', 'O5-74-5CWYWS', '2022-07-08 11:39:00', 1, 0, 'US NDAQ 100 - Cash', b'0'),
	(175, 13012.46, 0.8, -4.58, 13016.86, '', '', '2022-08-25 11:20:00', 'O5-77-5H9VM1', '2022-08-25 11:19:00', 0, 0, 'US NDAQ 100 - Cash', b'0'),
	(176, 13042.89, 0.65, 12.67, 13027.66, '', '', '2022-08-09 09:41:00', 'O5-77-5FZR97', '2022-08-09 09:40:00', 0, 0, 'US NDAQ 100 - Cash', b'1'),
	(177, 13126.81, 0.6, 1.52, 13124.84, '', '', '2022-08-03 11:00:00', 'O5-76-5FB0EV', '2022-08-03 10:52:00', 0, 0, 'US NDAQ 100 - Cash', b'1'),
	(178, 12949.94, 0.75, -0.7, 12950.66, '', '', '2022-08-23 10:29:00', 'O5-77-5H5CR0', '2022-08-23 10:27:00', 0, 0, 'US NDAQ 100 - Cash', b'1'),
	(179, 12400.97, 0.5, -7.18, 12389.89, '', '', '2022-07-20 14:22:00', 'O5-75-5DRZGG', '2022-07-20 14:21:00', 1, 0, 'US NDAQ 100 - Cash', b'0'),
	(180, 13039.67, 0.8, 0, 13039.67, '', '', '2022-08-25 10:05:00', 'O5-77-5H9L6Y', '2022-08-25 10:04:00', 0, 0, 'US NDAQ 100 - Cash', b'0'),
	(181, 12036.91, 0.5, 1.4, 12039.09, '', '', '2022-07-19 09:59:00', 'O5-75-5DJSQ1', '2022-07-19 09:59:00', 1, 0, 'US NDAQ 100 - Cash', b'0'),
	(182, 12036.67, 0.5, 1.36, 12038.78, '', '', '2022-07-19 10:00:00', 'O5-75-5DJT1R', '2022-07-19 10:00:00', 1, 0, 'US NDAQ 100 - Cash', b'0'),
	(183, 0, 0, 14.18, 0, '', '', '2022-08-02 11:26:00', '1102289915', '2022-08-02 11:26:00', 2, 0, 'US NDAQ 100 - Cash', b'0'),
	(184, 31115.3, 0.35, -56.68, 30991.7, '', '', '2022-07-06 15:12:00', 'O5-74-5CQYJH', '2022-07-06 14:28:00', 1, 0, 'US NDAQ 100 - Cash', b'0'),
	(185, 12936.47, 0.75, 0, 12936.47, '', '', '2022-08-23 10:30:00', 'O5-77-5H5D3E', '2022-08-23 10:29:00', 0, 0, 'US NDAQ 100 - Cash', b'0'),
	(186, 12924.74, 0.75, -8.5, 12916.05, '', '', '2022-08-23 10:41:00', 'O5-77-5H5EHF', '2022-08-23 10:40:00', 1, 0, 'US NDAQ 100 - Cash', b'1'),
	(187, 13249.71, 0.7, -4.79, 13244.47, '', '', '2022-08-19 11:05:00', 'O5-77-5H020M', '2022-08-19 11:04:00', 1, 0, 'US NDAQ 100 - Cash', b'1'),
	(188, 0, 0, 2.64, 0, '', '', '2022-07-19 12:13:00', '1097407373', '2022-07-19 12:13:00', 2, 0, 'US NDAQ 100 - Cash', b'0'),
	(189, 13053.29, 0.8, 5.11, 13048.32, '', '', '2022-08-25 11:02:00', 'O5-77-5H9SY1', '2022-08-25 11:02:00', 0, 0, 'US NDAQ 100 - Cash', b'1'),
	(190, 13063.4, 0.8, 20.31, 13083.11, '', '', '2022-08-26 10:01:00', 'O5-77-5HCP3W', '2022-08-26 10:01:00', 1, 0, 'US NDAQ 100 - Cash', b'1'),
	(191, 13024.34, 0.7, -7, 13016.7, '', '', '2022-08-22 09:38:00', 'O5-77-5H2FT5', '2022-08-22 09:36:00', 1, 0, 'US NDAQ 100 - Cash', b'1'),
	(192, 13375.44, 0.7, -13.91, 13359.98, '', '', '2022-08-12 09:50:00', 'O5-77-5GB03C', '2022-08-12 09:50:00', 1, 0, 'US NDAQ 100 - Cash', b'1'),
	(193, 13091.8, 0.8, -6, 13097.58, '', '', '2022-08-25 10:47:00', 'O5-77-5H9R67', '2022-08-25 10:44:00', 0, 0, 'US NDAQ 100 - Cash', b'1'),
	(194, 13489.24, 0.68, -8, 13480.18, '', '', '2022-08-18 11:09:00', 'O5-77-5GVMRS', '2022-08-18 11:07:00', 1, 0, 'US NDAQ 100 - Cash', b'1'),
	(195, 12428.63, 0.5, 1.43, 12430.86, '', '', '2022-07-20 14:38:00', 'O5-75-5DS1EV', '2022-07-20 14:38:00', 1, 0, 'US NDAQ 100 - Cash', b'0'),
	(196, 12927.26, 0.8, -0.74, 12926.55, '', '', '2022-08-24 11:03:00', 'O5-77-5H7LPX', '2022-08-24 11:01:00', 1, 0, 'US NDAQ 100 - Cash', b'1'),
	(197, 12973.16, 0.8, -13.41, 12960.28, '', '', '2022-08-25 09:46:00', 'O5-77-5H9HC1', '2022-08-25 09:45:00', 1, 0, 'US NDAQ 100 - Cash', b'0'),
	(198, 0, 0, 7.63, 0, '', '', '2022-08-23 10:34:00', '1109369767', '2022-08-23 10:34:00', 2, 0, 'US NDAQ 100 - Cash', b'0'),
	(199, 13247.63, 0.6, 3.94, 13252.77, '', '', '2022-08-04 10:16:00', 'O5-76-5FH4NE', '2022-08-04 10:15:00', 1, 0, 'US NDAQ 100 - Cash', b'1'),
	(200, 12982.69, 0.75, 10.28, 12972.12, '', '', '2022-08-22 12:02:00', 'O5-77-5H3BHY', '2022-08-22 12:00:00', 0, 0, 'US NDAQ 100 - Cash', b'1'),
	(201, 13085.68, 0.6, 2.95, 13081.83, '', '', '2022-08-03 09:55:00', 'O5-76-5F9C7Q', '2022-08-03 09:55:00', 0, 0, 'US NDAQ 100 - Cash', b'1'),
	(202, 0, 0, 11.19, 0, '', '', '2022-08-15 10:16:00', '1106528837', '2022-08-15 10:16:00', 2, 0, 'US NDAQ 100 - Cash', b'0'),
	(203, 13550.88, 0.65, -7.99, 13541.4, '', '', '2022-08-15 11:18:00', 'O5-77-5GF3ML', '2022-08-15 11:17:00', 1, 0, 'US NDAQ 100 - Cash', b'1'),
	(204, 13247.05, 0.6, -12.05, 13262.62, '', '', '2022-08-03 15:17:00', 'O5-76-5FCCZW', '2022-08-03 15:11:00', 0, 0, 'US NDAQ 100 - Cash', b'0'),
	(205, 12985.57, 0.8, -9, 12976.92, '', '', '2022-08-25 09:54:00', 'O5-77-5H9JFX', '2022-08-25 09:53:00', 1, 0, 'US NDAQ 100 - Cash', b'0'),
	(206, 0, 0, 3.49, 0, '', '', '2022-07-19 10:51:00', '1097380805', '2022-07-19 10:51:00', 2, 0, 'US NDAQ 100 - Cash', b'0'),
	(207, 12966.19, 0.75, 14.85, 12950.93, '', '', '2022-08-22 11:51:00', 'O5-77-5H38SX', '2022-08-22 11:48:00', 0, 0, 'US NDAQ 100 - Cash', b'1'),
	(208, 12136.27, 0.5, 1.5, 12133.93, '', '', '2022-07-19 12:04:00', 'O5-75-5DKN62', '2022-07-19 12:04:00', 0, 0, 'US NDAQ 100 - Cash', b'0'),
	(209, 0, 0, 9.36, 0, '', '', '2022-08-22 10:34:00', '1108889590', '2022-08-22 10:34:00', 2, 0, 'US NDAQ 100 - Cash', b'0'),
	(210, 286.66, 1, 1.02, 285.87, '', '', '2022-07-13 10:45:00', 'O5-74-5D5CKQ', '2022-07-13 10:43:00', 0, 0, 'US NDAQ 100 - Cash', b'0'),
	(211, 13561.03, 0.68, -10.71, 13573.15, '', '', '2022-08-15 09:38:00', 'O5-77-5GEE53', '2022-08-15 09:35:00', 0, 0, 'US NDAQ 100 - Cash', b'0'),
	(212, 13019.37, 0.65, -7.02, 13027.72, '', '', '2022-08-09 09:38:00', 'O5-77-5FZQJV', '2022-08-09 09:38:00', 0, 0, 'US NDAQ 100 - Cash', b'1'),
	(213, 0, 0, 3.55, 0, '', '', '2022-07-20 14:38:00', '1097928830', '2022-07-20 14:38:00', 2, 0, 'US NDAQ 100 - Cash', b'0'),
	(214, 13011.34, 0.65, -9.22, 13022.3, '', '', '2022-08-09 09:53:00', 'O5-77-5FZV3G', '2022-08-09 09:53:00', 0, 0, 'US NDAQ 100 - Cash', b'1'),
	(215, 13094.83, 0.8, 0, 13094.83, '', '', '2022-08-25 10:41:00', 'O5-77-5H9QSS', '2022-08-25 10:41:00', 0, 0, 'US NDAQ 100 - Cash', b'0'),
	(216, 13056.73, 0.65, 1.55, 13058.59, '', '', '2022-08-09 09:42:00', 'O5-77-5FZRLB', '2022-08-09 09:42:00', 1, 0, 'US NDAQ 100 - Cash', b'1'),
	(217, 11639.38, 0.05, 0.26, 11643.38, '', '', '2022-06-28 16:48:00', 'O5-73-5C7KXP', '2022-06-28 16:47:00', 1, 0, 'US NDAQ 100 - Cash', b'0'),
	(218, 0, 0, 20.17, 0, '', '', '2022-08-03 15:20:00', '1102829763', '2022-08-03 15:20:00', 2, 0, 'US NDAQ 100 - Cash', b'0'),
	(219, 13587.86, 0.65, 10.18, 13575.65, '', '', '2022-08-15 11:35:00', 'O5-77-5GF527', '2022-08-15 11:30:00', 0, 0, 'US NDAQ 100 - Cash', b'1'),
	(220, 0, 0, 23.79, 0, '', '', '2022-08-23 09:50:00', '1109336855', '2022-08-23 09:50:00', 2, 0, 'US NDAQ 100 - Cash', b'0'),
	(221, 0, 0, 11.15, 0, '', '', '2022-07-19 11:33:00', '1097397020', '2022-07-19 11:33:00', 2, 0, 'US NDAQ 100 - Cash', b'0'),
	(222, 291.24, 2, -7.79, 288.27, '', '', '2022-07-15 10:00:00', 'O5-74-5DC5FR', '2022-07-15 09:54:00', 1, 0, 'US NDAQ 100 - Cash', b'0'),
	(223, 30940, 0.35, -8.4, 30921.7, '', '', '2022-07-06 14:00:00', 'O5-74-5CQTRZ', '2022-07-06 13:58:00', 1, 0, 'US NDAQ 100 - Cash', b'0'),
	(224, 12464.98, 0.5, -1.47, 12467.24, '', '', '2022-07-21 09:30:00', 'O5-75-5DW5DH', '2022-07-21 09:30:00', 0, 0, 'US NDAQ 100 - Cash', b'0'),
	(225, 0, 0, 15.37, 0, '', '', '2022-07-21 10:44:00', '1098392469', '2022-07-21 10:44:00', 2, 0, 'US NDAQ 100 - Cash', b'0'),
	(226, 13651.49, 0.65, 11.88, 13637.24, '', '', '2022-08-15 13:07:00', 'O5-77-5GFG6F', '2022-08-15 13:04:00', 0, 0, 'US NDAQ 100 - Cash', b'1'),
	(227, 12994.88, 0.8, -9.73, 12985.53, '', '', '2022-08-25 09:55:00', 'O5-77-5H9JHT', '2022-08-25 09:54:00', 1, 0, 'US NDAQ 100 - Cash', b'0'),
	(228, 12978.12, 0.5, -4.62, 12970.95, '', '', '2022-08-01 13:16:00', 'O5-76-5EXR6X', '2022-08-01 13:15:00', 1, 0, 'US NDAQ 100 - Cash', b'1'),
	(229, 13440.77, 0.68, -8, 13431.71, '', '', '2022-08-18 09:38:00', 'O5-77-5GTZTQ', '2022-08-18 09:37:00', 1, 0, 'US NDAQ 100 - Cash', b'1'),
	(230, 13136.57, 0.65, -25.38, 13106.37, '', '', '2022-08-08 15:00:00', 'O5-77-5FWR5R', '2022-08-08 14:55:00', 1, 0, 'US NDAQ 100 - Cash', b'0'),
	(231, 0, 0, 7.21, 0, '', '', '2022-08-15 11:46:00', '1106556064', '2022-08-15 11:46:00', 2, 0, 'US NDAQ 100 - Cash', b'0'),
	(232, 294.65, 2, -2.56, 295.63, '', '', '2022-07-07 15:46:00', 'O5-74-5CTPC5', '2022-07-07 15:20:00', 0, 0, 'US NDAQ 100 - Cash', b'0'),
	(233, 750.44, 0.5, 5.67, 759.23, '', '', '2022-07-08 12:33:00', 'O5-74-5CWZMZ', '2022-07-08 11:49:00', 1, 0, 'US NDAQ 100 - Cash', b'0'),
	(234, 12987.1, 0.7, -7.12, 12994.86, '', '', '2022-08-22 10:09:00', 'O5-77-5H2W4W', '2022-08-22 10:08:00', 0, 0, 'US NDAQ 100 - Cash', b'1'),
	(235, 13477.96, 0.68, -5.33, 13471.84, '', '', '2022-08-11 10:00:00', 'O5-77-5G7KM6', '2022-08-11 09:59:00', 1, 0, 'US NDAQ 100 - Cash', b'1'),
	(236, 12960.03, 0.75, -7.75, 12967.91, '', '', '2022-08-22 10:51:00', 'O5-77-5H32J4', '2022-08-22 10:51:00', 0, 0, 'US NDAQ 100 - Cash', b'0'),
	(237, 13020.39, 0.6, 15.32, 13000.4, '', '', '2022-08-02 12:18:00', 'O5-76-5F40B5', '2022-08-02 12:13:00', 0, 0, 'US NDAQ 100 - Cash', b'1'),
	(238, 12431.11, 0.5, 1.51, 12428.75, '', '', '2022-07-20 14:40:00', 'O5-75-5DS1GC', '2022-07-20 14:39:00', 0, 0, 'US NDAQ 100 - Cash', b'0'),
	(239, 13635.12, 0.65, -7.47, 13643.99, '', '', '2022-08-15 13:02:00', 'O5-77-5GFFVZ', '2022-08-15 13:00:00', 0, 0, 'US NDAQ 100 - Cash', b'1'),
	(240, 13069.73, 0.8, -19.95, 13088.93, '', '', '2022-08-25 10:55:00', 'O5-77-5H9RWR', '2022-08-25 10:52:00', 0, 0, 'US NDAQ 100 - Cash', b'0'),
	(241, 12127.68, 0.5, -4.33, 12134.36, '', '', '2022-07-19 11:49:00', 'O5-75-5DKKRY', '2022-07-19 11:48:00', 0, 0, 'US NDAQ 100 - Cash', b'0'),
	(242, 11799.94, 0.35, 10.79, 11823.69, '', '', '2022-07-06 14:01:00', 'O5-74-5CQTTD', '2022-07-06 13:59:00', 1, 0, 'US NDAQ 100 - Cash', b'0'),
	(243, 13481.55, 0.68, -8.43, 13491.09, '', '', '2022-08-18 10:46:00', 'O5-77-5GVGH8', '2022-08-18 10:45:00', 0, 0, 'US NDAQ 100 - Cash', b'1'),
	(244, 13240.28, 0.7, 3.72, 13244.39, '', '', '2022-08-19 11:25:00', 'O5-77-5H04WZ', '2022-08-19 11:24:00', 1, 0, 'US NDAQ 100 - Cash', b'1'),
	(245, 13269.89, 0.6, 20.65, 13296.81, '', '', '2022-08-08 11:17:00', 'O5-77-5FVVB5', '2022-08-08 11:15:00', 1, 0, 'US NDAQ 100 - Cash', b'1'),
	(246, 13512.1, 0.68, -12.27, 13498.21, '', '', '2022-08-18 11:14:00', 'O5-77-5GVN7G', '2022-08-18 11:11:00', 1, 0, 'US NDAQ 100 - Cash', b'1'),
	(247, 13576.65, 0.69, -7.02, 13584.48, '', '', '2022-08-15 09:35:00', 'O5-77-5GEDVX', '2022-08-15 09:35:00', 0, 0, 'US NDAQ 100 - Cash', b'0'),
	(248, 12911.3, 0.5, 1.19, 12913.17, '', '', '2022-08-01 14:10:00', 'O5-76-5EY9E3', '2022-08-01 14:09:00', 1, 0, 'US NDAQ 100 - Cash', b'1'),
	(249, 12986.69, 0.75, 6.04, 12980.45, '', '', '2022-08-23 10:20:00', 'O5-77-5H5BFE', '2022-08-23 10:18:00', 0, 0, 'US NDAQ 100 - Cash', b'1'),
	(250, 13032.65, 0.65, -1.48, 13034.41, '', '', '2022-08-09 09:52:00', 'O5-77-5FZTT6', '2022-08-09 09:52:00', 0, 0, 'US NDAQ 100 - Cash', b'1'),
	(251, 13400.65, 0.69, 12.08, 13386.88, '', '', '2022-08-12 09:58:00', 'O5-77-5GB0Y1', '2022-08-12 09:56:00', 0, 0, 'US NDAQ 100 - Cash', b'1'),
	(252, 13036.88, 0.65, -14.92, 13019.12, '', '', '2022-08-09 09:40:00', 'O5-77-5FZQMP', '2022-08-09 09:38:00', 1, 0, 'US NDAQ 100 - Cash', b'1'),
	(253, 12597.21, 0.5, -4.75, 12589.88, '', '', '2022-07-21 15:08:00', 'O5-75-5DXN4D', '2022-07-21 15:06:00', 1, 0, 'US NDAQ 100 - Cash', b'0'),
	(254, 13469.56, 0.68, 11.81, 13483.26, '', '', '2022-08-11 09:51:00', 'O5-77-5G7HH7', '2022-08-11 09:51:00', 1, 0, 'US NDAQ 100 - Cash', b'1'),
	(255, 13101.33, 0.8, 0, 13101.33, '', '', '2022-08-25 10:42:00', 'O5-77-5H9QY6', '2022-08-25 10:42:00', 0, 0, 'US NDAQ 100 - Cash', b'0'),
	(256, 12916.68, 0.75, 6.75, 12923.65, '', '', '2022-08-24 11:06:00', 'O5-77-5H7M5Y', '2022-08-24 11:05:00', 1, 0, 'US NDAQ 100 - Cash', b'1'),
	(257, 12945.34, 0.75, -17.18, 12962.81, '', '', '2022-08-22 10:56:00', 'O5-77-5H32MK', '2022-08-22 10:52:00', 0, 0, 'US NDAQ 100 - Cash', b'0'),
	(258, 13512.57, 0.35, 1.77, 13508.58, '', '', '2022-08-11 10:08:00', 'O5-77-5G7MQP', '2022-08-11 10:07:00', 0, 0, 'US NDAQ 100 - Cash', b'1'),
	(259, 12105.99, 0.5, -3.49, 12100.6, '', '', '2022-07-19 10:51:00', 'O5-75-5DK6KR', '2022-07-19 10:50:00', 1, 0, 'US NDAQ 100 - Cash', b'0'),
	(260, 12919.59, 0.75, 5.45, 12913.97, '', '', '2022-08-24 10:24:00', 'O5-77-5H7GJZ', '2022-08-24 10:24:00', 0, 0, 'US NDAQ 100 - Cash', b'1'),
	(261, 0, 0, 18.73, 0, '', '', '2022-08-25 09:55:00', '1110276662', '2022-08-25 09:55:00', 2, 0, 'US NDAQ 100 - Cash', b'0'),
	(262, 11969.46, 0.5, -17.23, 11943.12, '', '', '2022-07-15 15:57:00', 'O5-74-5DCYQR', '2022-07-15 15:03:00', 1, 0, 'US NDAQ 100 - Cash', b'0'),
	(263, 13624.3, 0.65, 0, 13624.3, '', '', '2022-08-15 12:27:00', 'O5-77-5GFC1Y', '2022-08-15 12:20:00', 0, 0, 'US NDAQ 100 - Cash', b'0'),
	(264, 12902.84, 0.75, 6.04, 12909.08, '', '', '2022-08-24 10:55:00', 'O5-77-5H7L2H', '2022-08-24 10:55:00', 1, 0, 'US NDAQ 100 - Cash', b'1'),
	(265, 0, 0, 24.93, 0, '', '', '2022-08-22 10:57:00', '1108898046', '2022-08-22 10:57:00', 2, 0, 'US NDAQ 100 - Cash', b'0'),
	(266, 13030.49, 0.7, -10, 13019.58, '', '', '2022-08-22 09:42:00', 'O5-77-5H2GY6', '2022-08-22 09:41:00', 1, 0, 'US NDAQ 100 - Cash', b'1'),
	(267, 13280.84, 0.7, 16.5, 13299.07, '', '', '2022-08-19 10:09:00', 'O5-77-5GZRT5', '2022-08-19 10:07:00', 1, 0, 'US NDAQ 100 - Cash', b'1'),
	(268, 0, 0, 6.91, 0, '', '', '2022-08-12 09:50:00', '1106054102', '2022-08-12 09:50:00', 2, 0, 'US NDAQ 100 - Cash', b'0'),
	(269, 12469.16, 0.5, 1.75, 12466.44, '', '', '2022-07-21 11:09:00', 'O5-75-5DWVEP', '2022-07-21 11:07:00', 0, 0, 'US NDAQ 100 - Cash', b'0'),
	(270, 37.98, 10, 2.07, 38.14, '', '', '2022-07-07 10:35:00', 'O5-74-5CT1LJ', '2022-07-07 10:28:00', 1, 0, 'US NDAQ 100 - Cash', b'0'),
	(271, 13517.52, 0.68, 2.1, 13515.08, '', '', '2022-08-11 10:10:00', 'O5-77-5G7N3P', '2022-08-11 10:09:00', 0, 0, 'US NDAQ 100 - Cash', b'1'),
	(272, 12816.84, 0.6, 9.22, 12828.83, '', '', '2022-08-02 10:10:00', 'O5-76-5F2X96', '2022-08-02 10:10:00', 1, 0, 'US NDAQ 100 - Cash', b'1'),
	(273, 13053.48, 0.5, -10.68, 13036.9, '', '', '2022-08-01 11:46:00', 'O5-76-5EX05B', '2022-08-01 11:44:00', 1, 0, 'US NDAQ 100 - Cash', b'0'),
	(274, 13305.37, 0.6, 4.58, 13311.34, '', '', '2022-08-08 10:48:00', 'O5-77-5FVP85', '2022-08-08 10:48:00', 1, 0, 'US NDAQ 100 - Cash', b'1'),
	(275, 13633.87, 0.65, 9.14, 13622.9, '', '', '2022-08-15 11:56:00', 'O5-77-5GF6Y7', '2022-08-15 11:47:00', 0, 0, 'US NDAQ 100 - Cash', b'1'),
	(276, 12898.57, 0.75, 24.4, 12923.79, '', '', '2022-08-23 10:54:00', 'O5-77-5H5ENE', '2022-08-23 10:41:00', 1, 0, 'US NDAQ 100 - Cash', b'1'),
	(277, 11987.12, 0.03, 0.63, 12003.46, '', '', '2022-07-07 10:22:00', 'O5-74-5CT0FZ', '2022-07-07 10:18:00', 1, 0, 'US NDAQ 100 - Cash', b'0'),
	(278, 11657.25, 0.5, 3.42, 11651.91, '', '', '2022-06-29 11:11:00', 'O5-73-5C9JR9', '2022-06-29 11:10:00', 0, 0, 'US NDAQ 100 - Cash', b'0'),
	(279, 11990.87, 0.5, 0.71, 11989.76, '', '', '2022-07-19 10:06:00', 'O5-75-5DJVPJ', '2022-07-19 10:06:00', 0, 0, 'US NDAQ 100 - Cash', b'0'),
	(280, 12943.36, 0.75, -8, 12935.17, '', '', '2022-08-24 11:14:00', 'O5-77-5H7MXX', '2022-08-24 11:13:00', 1, 0, 'US NDAQ 100 - Cash', b'0'),
	(281, 13215.37, 0.6, 1.32, 13217.09, '', '', '2022-08-04 10:17:00', 'O5-76-5FH551', '2022-08-04 10:17:00', 1, 0, 'US NDAQ 100 - Cash', b'1'),
	(282, 11639.88, 0.1, 0.02, 11640, '', '', '2022-06-28 16:53:00', 'O5-73-5C7KZG', '2022-06-28 16:50:00', 1, 0, 'US NDAQ 100 - Cash', b'0'),
	(283, 389.18, 1, -0.7, 389.72, '', '', '2022-07-07 15:50:00', 'O5-74-5CTPFJ', '2022-07-07 15:22:00', 0, 0, 'US NDAQ 100 - Cash', b'0'),
	(284, 12990.08, 0.65, 13.88, 13006.75, '', '', '2022-08-09 09:55:00', 'O5-77-5FZV8E', '2022-08-09 09:53:00', 1, 0, 'US NDAQ 100 - Cash', b'1'),
	(285, 12949.88, 0.75, 0, 12949.88, '', '', '2022-08-22 11:39:00', 'O5-77-5H37YT', '2022-08-22 11:38:00', 0, 0, 'US NDAQ 100 - Cash', b'0'),
	(286, 13535.96, 0.65, -5.55, 13542.53, '', '', '2022-08-15 10:20:00', 'O5-77-5GES4P', '2022-08-15 10:20:00', 0, 0, 'US NDAQ 100 - Cash', b'0'),
	(287, 13387.85, 0.7, 1.41, 13386.27, '', '', '2022-08-12 09:53:00', 'O5-77-5GB096', '2022-08-12 09:51:00', 0, 0, 'US NDAQ 100 - Cash', b'1'),
	(288, 13600.4, 0.65, 0, 13600.4, '', '', '2022-08-15 11:42:00', 'O5-77-5GF5YJ', '2022-08-15 11:39:00', 1, 0, 'US NDAQ 100 - Cash', b'0'),
	(289, 12239.38, 0.5, -7.8, 12227.33, '', '', '2022-07-19 15:43:00', 'O5-75-5DLHN0', '2022-07-19 15:40:00', 1, 0, 'US NDAQ 100 - Cash', b'0'),
	(290, 12148.05, 0.5, 2.27, 12144.51, '', '', '2022-07-19 11:57:00', 'O5-75-5DKLXV', '2022-07-19 11:55:00', 0, 0, 'US NDAQ 100 - Cash', b'0'),
	(291, 13543.03, 0.67, -7.95, 13533.9, '', '', '2022-08-15 09:50:00', 'O5-77-5GEJDQ', '2022-08-15 09:49:00', 1, 0, 'US NDAQ 100 - Cash', b'0'),
	(292, 13449.77, 0.68, -0.71, 13450.57, '', '', '2022-08-18 10:28:00', 'O5-77-5GV8NK', '2022-08-18 10:14:00', 0, 0, 'US NDAQ 100 - Cash', b'1'),
	(293, 13008.63, 0.7, 0, 13008.63, '', '', '2022-08-22 10:06:00', 'O5-77-5H2V81', '2022-08-22 10:05:00', 1, 0, 'US NDAQ 100 - Cash', b'0'),
	(294, 13196.31, 0.6, -19.87, 13221.81, '', '', '2022-08-05 13:45:00', 'O5-76-5FPZEJ', '2022-08-05 13:35:00', 0, 0, 'US NDAQ 100 - Cash', b'0'),
	(295, 13562.65, 0.65, 0, 13562.65, '', '', '2022-08-15 11:25:00', 'O5-77-5GF45T', '2022-08-15 11:23:00', 0, 0, 'US NDAQ 100 - Cash', b'0'),
	(296, 12415.4, 0.5, -15.37, 12391.69, '', '', '2022-07-21 10:44:00', 'O5-75-5DWQ0Q', '2022-07-21 10:40:00', 1, 0, 'US NDAQ 100 - Cash', b'0'),
	(297, 13169.97, 0.6, 1.8, 13172.31, '', '', '2022-08-03 12:17:00', 'O5-76-5FBLG2', '2022-08-03 12:11:00', 1, 0, 'US NDAQ 100 - Cash', b'1'),
	(298, 13542.9, 0.65, -11.19, 13556.15, '', '', '2022-08-15 10:15:00', 'O5-77-5GEQD0', '2022-08-15 10:12:00', 0, 0, 'US NDAQ 100 - Cash', b'0'),
	(299, 0, 0, 23.29, 0, '', '', '2022-08-15 10:43:00', '1106537834', '2022-08-15 10:43:00', 2, 0, 'US NDAQ 100 - Cash', b'0'),
	(300, 12050.87, 0.5, 1.45, 12053.13, '', '', '2022-07-19 10:35:00', 'O5-75-5DK2Y9', '2022-07-19 10:33:00', 1, 0, 'US NDAQ 100 - Cash', b'0'),
	(301, 12930.23, 0.5, 1.75, 12927.49, '', '', '2022-08-01 14:29:00', 'O5-76-5EYFSD', '2022-08-01 14:26:00', 0, 0, 'US NDAQ 100 - Cash', b'1'),
	(302, 12972.38, 0.8, 12.78, 12960, '', '', '2022-08-24 11:27:00', 'O5-77-5H7P05', '2022-08-24 11:23:00', 0, 0, 'US NDAQ 100 - Cash', b'1'),
	(303, 0, 0, 19.94, 0, '', '', '2022-07-21 09:40:00', '1098349301', '2022-07-21 09:40:00', 2, 0, 'US NDAQ 100 - Cash', b'0'),
	(304, 12433.99, 0.5, 2.15, 12430.64, '', '', '2022-07-20 12:57:00', 'O5-75-5DRM81', '2022-07-20 12:57:00', 0, 0, 'US NDAQ 100 - Cash', b'0'),
	(305, 13533.4, 0.65, 14.82, 13551.15, '', '', '2022-08-15 10:51:00', 'O5-77-5GEYSL', '2022-08-15 10:46:00', 1, 0, 'US NDAQ 100 - Cash', b'1'),
	(306, 12964.27, 0.8, -8.2, 12956.39, '', '', '2022-08-25 09:45:00', 'O5-77-5H9H94', '2022-08-25 09:45:00', 1, 0, 'US NDAQ 100 - Cash', b'0'),
	(307, 13335.31, 0.5, -21.88, 13301.4, '', '', '2022-08-08 11:06:00', 'O5-77-5FVPM0', '2022-08-08 10:50:00', 1, 0, 'US NDAQ 100 - Cash', b'1'),
	(308, 13562.53, 0.65, 11.49, 13548.78, '', '', '2022-08-15 09:53:00', 'O5-77-5GEK99', '2022-08-15 09:53:00', 0, 0, 'US NDAQ 100 - Cash', b'0'),
	(309, 13378.08, 0.6, -7.36, 13387.59, '', '', '2022-08-08 09:55:00', 'O5-77-5FV6YR', '2022-08-08 09:55:00', 0, 0, 'US NDAQ 100 - Cash', b'1'),
	(310, 0, 0, 7.18, 0, '', '', '2022-07-20 14:23:00', '1097925849', '2022-07-20 14:23:00', 2, 0, 'US NDAQ 100 - Cash', b'0'),
	(311, 13462.34, 0.68, -8.33, 13452.9, '', '', '2022-08-18 09:53:00', 'O5-77-5GV3VL', '2022-08-18 09:53:00', 1, 0, 'US NDAQ 100 - Cash', b'1'),
	(312, 13247.23, 0.7, 9.78, 13236.43, '', '', '2022-08-19 11:37:00', 'O5-77-5H061F', '2022-08-19 11:33:00', 0, 0, 'US NDAQ 100 - Cash', b'1'),
	(313, 13445.82, 0.65, -6.01, 13453.03, '', '', '2022-08-11 09:34:00', 'O5-77-5G7BQH', '2022-08-11 09:34:00', 0, 0, 'US NDAQ 100 - Cash', b'1'),
	(314, 13530.73, 0.65, -7.04, 13522.4, '', '', '2022-08-15 10:22:00', 'O5-77-5GESHV', '2022-08-15 10:21:00', 1, 0, 'US NDAQ 100 - Cash', b'0'),
	(315, 0, 0, 5.22, 0, '', '', '2022-07-21 09:27:00', '1098337203', '2022-07-21 09:27:00', 2, 0, 'US NDAQ 100 - Cash', b'0'),
	(316, 13624.53, 0.65, -7.16, 13616.03, '', '', '2022-08-15 11:45:00', 'O5-77-5GF6LM', '2022-08-15 11:45:00', 1, 0, 'US NDAQ 100 - Cash', b'0'),
	(317, 13545.12, 0.65, -6.19, 13537.78, '', '', '2022-08-15 11:17:00', 'O5-77-5GF3G1', '2022-08-15 11:15:00', 1, 0, 'US NDAQ 100 - Cash', b'1'),
	(318, 13257.01, 0.6, -8.12, 13246.52, '', '', '2022-08-03 15:19:00', 'O5-76-5FCDSP', '2022-08-03 15:17:00', 1, 0, 'US NDAQ 100 - Cash', b'0'),
	(319, 13081.45, 0.6, 0.08, 13081.34, '', '', '2022-08-03 09:55:00', 'O5-76-5F9C0R', '2022-08-03 09:54:00', 0, 0, 'US NDAQ 100 - Cash', b'1'),
	(320, 12445.46, 0.5, 2.32, 12449.08, '', '', '2022-07-21 11:00:00', 'O5-75-5DWSX8', '2022-07-21 10:59:00', 1, 0, 'US NDAQ 100 - Cash', b'0'),
	(321, 13535.32, 0.68, 0, 13535.32, '', '', '2022-08-18 11:46:00', 'O5-77-5GVT9G', '2022-08-18 11:45:00', 1, 0, 'US NDAQ 100 - Cash', b'1'),
	(322, 41.5, 6, -1.49, 41.31, '', '', '2022-07-08 12:47:00', 'O5-74-5CX34P', '2022-07-08 12:39:00', 1, 0, 'US NDAQ 100 - Cash', b'0'),
	(323, 0, 0, 1, 0, '', '', '2022-07-22 10:08:00', '1098850382', '2022-07-22 10:08:00', 2, 0, 'US NDAQ 100 - Cash', b'0'),
	(324, 13020.73, 0.7, -6.08, 13014.09, '', '', '2022-08-22 09:40:00', 'O5-77-5H2GP2', '2022-08-22 09:40:00', 1, 0, 'US NDAQ 100 - Cash', b'1'),
	(325, 13258.3, 0.7, 7.54, 13249.97, '', '', '2022-08-19 11:41:00', 'O5-77-5H06SC', '2022-08-19 11:40:00', 0, 0, 'US NDAQ 100 - Cash', b'1'),
	(326, 13272.83, 0.65, -9.06, 13261.99, '', '', '2022-08-10 10:17:00', 'O5-77-5G4PVH', '2022-08-10 10:16:00', 1, 0, 'US NDAQ 100 - Cash', b'1'),
	(327, 13135.1, 0.6, 0.73, 13136.05, '', '', '2022-08-05 11:21:00', 'O5-76-5FP0H7', '2022-08-05 11:17:00', 1, 0, 'US NDAQ 100 - Cash', b'1'),
	(328, 12894.59, 0.75, -8.11, 12902.87, '', '', '2022-08-24 10:41:00', 'O5-77-5H7JFS', '2022-08-24 10:41:00', 0, 0, 'US NDAQ 100 - Cash', b'1'),
	(329, 13478.87, 0.68, 0.65, 13478.13, '', '', '2022-08-18 11:06:00', 'O5-77-5GVMM7', '2022-08-18 11:06:00', 0, 0, 'US NDAQ 100 - Cash', b'1'),
	(330, 12464.79, 0.5, -5.22, 12456.76, '', '', '2022-07-21 09:27:00', 'O5-75-5DW49S', '2022-07-21 09:26:00', 1, 0, 'US NDAQ 100 - Cash', b'0'),
	(331, 0, 0, 14.21, 0, '', '', '2022-08-23 10:39:00', '1109371558', '2022-08-23 10:39:00', 2, 0, 'US NDAQ 100 - Cash', b'0'),
	(332, 12974.55, 0.75, 12.05, 12986.94, '', '', '2022-08-22 10:18:00', 'O5-77-5H2Y30', '2022-08-22 10:16:00', 1, 0, 'US NDAQ 100 - Cash', b'1'),
	(333, 0, 0, 41.47, 0, '', '', '2022-08-15 10:01:00', '1106523326', '2022-08-15 10:01:00', 2, 0, 'US NDAQ 100 - Cash', b'0'),
	(334, 13046.27, 0.5, -15.94, 13071.02, '', '', '2022-08-01 11:02:00', 'O5-76-5EWKDS', '2022-08-01 10:57:00', 0, 0, 'US NDAQ 100 - Cash', b'0'),
	(335, 41.48, 5, 6, 42.41, '', '', '2022-07-08 12:32:00', 'O5-74-5CWZEC', '2022-07-08 11:46:00', 1, 0, 'US NDAQ 100 - Cash', b'0'),
	(336, 293.91, 1, 1.12, 294.78, '', '', '2022-07-08 12:35:00', 'O5-74-5CX1RD', '2022-07-08 12:23:00', 1, 0, 'US NDAQ 100 - Cash', b'0'),
	(337, 13236.41, 0.65, 28.06, 13270.32, '', '', '2022-08-10 10:20:00', 'O5-77-5G4Q8X', '2022-08-10 10:17:00', 1, 0, 'US NDAQ 100 - Cash', b'1'),
	(338, 12159.15, 0.5, -11.15, 12141.93, '', '', '2022-07-19 11:33:00', 'O5-75-5DKGBE', '2022-07-19 11:29:00', 1, 0, 'US NDAQ 100 - Cash', b'0'),
	(339, 13536.03, 0.68, 10.67, 13548.23, '', '', '2022-08-18 11:43:00', 'O5-77-5GVSWL', '2022-08-18 11:42:00', 1, 0, 'US NDAQ 100 - Cash', b'1'),
	(340, 0, 0, 19.87, 0, '', '', '2022-08-05 14:08:00', '1103799133', '2022-08-05 14:08:00', 2, 0, 'US NDAQ 100 - Cash', b'0'),
	(341, 13543.16, 0.68, 2.18, 13545.65, '', '', '2022-08-15 09:45:00', 'O5-77-5GEGSP', '2022-08-15 09:44:00', 1, 0, 'US NDAQ 100 - Cash', b'0'),
	(342, 12956.72, 0.75, -7.25, 12964.1, '', '', '2022-08-22 10:23:00', 'O5-77-5H2Z3C', '2022-08-22 10:23:00', 0, 0, 'US NDAQ 100 - Cash', b'0'),
	(343, 13519.92, 0.68, 9.9, 13508.59, '', '', '2022-08-18 11:17:00', 'O5-77-5GVNMP', '2022-08-18 11:15:00', 0, 0, 'US NDAQ 100 - Cash', b'1'),
	(344, 12966.78, 0.75, 4.61, 12971.52, '', '', '2022-08-22 10:28:00', 'O5-77-5H2ZTE', '2022-08-22 10:27:00', 1, 0, 'US NDAQ 100 - Cash', b'1'),
	(345, 13509.07, 0.68, -14.39, 13525.36, '', '', '2022-08-17 09:38:00', 'O5-77-5GQ2EW', '2022-08-17 09:37:00', 0, 0, 'US NDAQ 100 - Cash', b'1'),
	(346, 13529.48, 0.68, -6.55, 13536.9, '', '', '2022-08-15 09:42:00', 'O5-77-5GEG2G', '2022-08-15 09:41:00', 0, 0, 'US NDAQ 100 - Cash', b'0'),
	(347, 13527.57, 0.68, 4.95, 13521.91, '', '', '2022-08-18 11:26:00', 'O5-77-5GVP0R', '2022-08-18 11:17:00', 0, 0, 'US NDAQ 100 - Cash', b'1'),
	(348, 12909.55, 0.75, -0.74, 12910.31, '', '', '2022-08-24 10:52:00', 'O5-77-5H7KH0', '2022-08-24 10:51:00', 0, 0, 'US NDAQ 100 - Cash', b'1'),
	(349, 13258.17, 0.7, -8.23, 13249.17, '', '', '2022-08-19 11:03:00', 'O5-77-5H01J6', '2022-08-19 11:00:00', 1, 0, 'US NDAQ 100 - Cash', b'1'),
	(350, 0, 0, 4.62, 0, '', '', '2022-08-01 13:16:00', '1101816058', '2022-08-01 13:16:00', 2, 0, 'US NDAQ 100 - Cash', b'0'),
	(351, 689, 0.5, -1.97, 686, '', '', '2022-07-06 13:07:00', 'O5-74-5CQQJY', '2022-07-06 12:57:00', 1, 0, 'US NDAQ 100 - Cash', b'0'),
	(352, 13529.53, 0.68, 4.95, 13523.87, '', '', '2022-08-18 11:30:00', 'O5-77-5GVQVJ', '2022-08-18 11:27:00', 0, 0, 'US NDAQ 100 - Cash', b'1'),
	(353, 12374.86, 0.5, 4.31, 12381.57, '', '', '2022-07-20 13:55:00', 'O5-75-5DRW00', '2022-07-20 13:54:00', 1, 0, 'US NDAQ 100 - Cash', b'0'),
	(354, 735.76, 0.5, -3.39, 730.57, '', '', '2022-07-07 14:15:00', 'O5-74-5CTGNS', '2022-07-07 13:30:00', 1, 0, 'US NDAQ 100 - Cash', b'0'),
	(355, 0, 0, 1.47, 0, '', '', '2022-07-21 09:30:00', '1098339659', '2022-07-21 09:30:00', 2, 0, 'US NDAQ 100 - Cash', b'0'),
	(356, 12897.52, 0.75, 0, 12897.52, '', '', '2022-08-24 10:43:00', 'O5-77-5H7JHM', '2022-08-24 10:41:00', 0, 0, 'US NDAQ 100 - Cash', b'0'),
	(357, 13459.55, 0.65, -16.94, 13439.22, '', '', '2022-08-11 09:38:00', 'O5-77-5G7BT2', '2022-08-11 09:34:00', 1, 0, 'US NDAQ 100 - Cash', b'1'),
	(358, 13490.13, 0.68, 36.8, 13448.04, '', '', '2022-08-18 10:42:00', 'O5-77-5GVBYP', '2022-08-18 10:28:00', 0, 0, 'US NDAQ 100 - Cash', b'1'),
	(359, 13087.33, 0.8, -4, 13091.18, '', '', '2022-08-25 10:52:00', 'O5-77-5H9RRY', '2022-08-25 10:50:00', 0, 0, 'US NDAQ 100 - Cash', b'1'),
	(360, 12914.49, 0.75, 0, 12914.49, '', '', '2022-08-24 10:23:00', 'O5-77-5H7GC8', '2022-08-24 10:22:00', 0, 0, 'US NDAQ 100 - Cash', b'0'),
	(361, 12130.64, 0.5, 1.32, 12128.58, '', '', '2022-07-19 11:02:00', 'O5-75-5DK9J4', '2022-07-19 11:02:00', 0, 0, 'US NDAQ 100 - Cash', b'0'),
	(362, 12143.78, 0.5, 1.14, 12145.55, '', '', '2022-07-18 12:40:00', 'O5-75-5DFCKF', '2022-07-18 12:17:00', 1, 0, 'US NDAQ 100 - Cash', b'0'),
	(363, 0, 0, 7.36, 0, '', '', '2022-08-08 09:56:00', '1104173590', '2022-08-08 09:56:00', 2, 0, 'US NDAQ 100 - Cash', b'0'),
	(364, 283.04, 2, 0.97, 282.67, '', '', '2022-07-14 11:39:00', 'O5-74-5D8LPF', '2022-07-14 11:36:00', 0, 0, 'US NDAQ 100 - Cash', b'0'),
	(365, 0, 0, 10.68, 0, '', '', '2022-08-01 11:46:00', '1101795809', '2022-08-01 11:46:00', 2, 0, 'US NDAQ 100 - Cash', b'0'),
	(366, 13449.02, 0.68, 2.74, 13452.16, '', '', '2022-08-18 09:55:00', 'O5-77-5GV3ZM', '2022-08-18 09:53:00', 1, 0, 'US NDAQ 100 - Cash', b'1'),
	(367, 13092.39, 0.8, -11.86, 13080.98, '', '', '2022-08-26 10:00:00', 'O5-77-5HCNL0', '2022-08-26 10:00:00', 1, 0, 'US NDAQ 100 - Cash', b'1'),
	(368, 0, 0, 8.9, 0, '', '', '2022-08-18 10:01:00', '1107942671', '2022-08-18 10:01:00', 2, 0, 'US NDAQ 100 - Cash', b'1'),
	(369, 12933.92, 0.75, -1.71, 12932.17, '', '', '2022-08-23 10:05:00', 'O5-77-5H57HD', '2022-08-23 10:05:00', 1, 0, 'US NDAQ 100 - Cash', b'1'),
	(370, 12986.01, 0.75, -7.62, 12978.25, '', '', '2022-08-22 10:15:00', 'O5-77-5H2XRM', '2022-08-22 10:14:00', 1, 0, 'US NDAQ 100 - Cash', b'0'),
	(371, 13006.57, 0.7, 19.32, 13027.84, '', '', '2022-08-22 10:00:00', 'O5-77-5H2QDF', '2022-08-22 09:55:00', 1, 0, 'US NDAQ 100 - Cash', b'1'),
	(372, 13561.91, 0.65, -9.89, 13573.65, '', '', '2022-08-15 11:28:00', 'O5-77-5GF4LL', '2022-08-15 11:26:00', 0, 0, 'US NDAQ 100 - Cash', b'1'),
	(373, 12964.72, 0.75, 8.26, 12973.21, '', '', '2022-08-22 10:32:00', 'O5-77-5H30BM', '2022-08-22 10:31:00', 1, 0, 'US NDAQ 100 - Cash', b'1'),
	(374, 12359.66, 0.5, 6.23, 12369.35, '', '', '2022-07-21 10:31:00', 'O5-75-5DWN0W', '2022-07-21 10:31:00', 1, 0, 'US NDAQ 100 - Cash', b'0'),
	(375, 0, 0, 19.95, 0, '', '', '2022-08-25 10:55:00', '1110304211', '2022-08-25 10:55:00', 2, 0, 'US NDAQ 100 - Cash', b'0'),
	(376, 12918.24, 0.6, 1.15, 12919.74, '', '', '2022-08-02 11:20:00', 'O5-76-5F3LZ1', '2022-08-02 11:17:00', 1, 0, 'US NDAQ 100 - Cash', b'1'),
	(377, 0, 0, 7.04, 0, '', '', '2022-08-15 10:43:00', '1106537972', '2022-08-15 10:43:00', 2, 0, 'US NDAQ 100 - Cash', b'0'),
	(378, 12383.93, 0.5, -4.91, 12376.35, '', '', '2022-07-20 13:53:00', 'O5-75-5DRVPM', '2022-07-20 13:52:00', 1, 0, 'US NDAQ 100 - Cash', b'0'),
	(379, 12564.74, 0.5, 4.99, 12572.56, '', '', '2022-07-22 10:20:00', 'O5-75-5E11M7', '2022-07-22 10:17:00', 1, 0, 'US NDAQ 100 - Cash', b'0'),
	(380, 13095.35, 0.8, 0, 13095.35, '', '', '2022-08-25 10:44:00', 'O5-77-5H9R3R', '2022-08-25 10:44:00', 0, 0, 'US NDAQ 100 - Cash', b'0'),
	(381, 13031.02, 0.65, 5.08, 13024.92, '', '', '2022-08-09 09:53:00', 'O5-77-5FZV0B', '2022-08-09 09:53:00', 0, 0, 'US NDAQ 100 - Cash', b'1'),
	(382, 13093.28, 0.8, -5.26, 13098.34, '', '', '2022-08-25 10:43:00', 'O5-77-5H9R2B', '2022-08-25 10:43:00', 0, 0, 'US NDAQ 100 - Cash', b'1'),
	(383, 12994.3, 0.75, 16.6, 12977.12, '', '', '2022-08-23 10:11:00', 'O5-77-5H58L7', '2022-08-23 10:10:00', 0, 0, 'US NDAQ 100 - Cash', b'1'),
	(384, 0, 0, 4.58, 0, '', '', '2022-08-25 11:20:00', '1110313150', '2022-08-25 11:20:00', 2, 0, 'US NDAQ 100 - Cash', b'0'),
	(385, 13040.5, 0.8, -0.63, 13041.11, '', '', '2022-08-25 10:06:00', 'O5-77-5H9LGE', '2022-08-25 10:06:00', 0, 0, 'US NDAQ 100 - Cash', b'1'),
	(386, 13635.01, 0.65, 9.9, 13623.14, '', '', '2022-08-15 12:13:00', 'O5-77-5GF98B', '2022-08-15 12:06:00', 0, 0, 'US NDAQ 100 - Cash', b'1'),
	(387, 12423.65, 0.5, -3.55, 12429.13, '', '', '2022-07-20 14:38:00', 'O5-75-5DS1C5', '2022-07-20 14:37:00', 0, 0, 'US NDAQ 100 - Cash', b'0'),
	(388, 12911.83, 0.75, -37.56, 12873.45, '', '', '2022-08-23 09:48:00', 'O5-77-5H53BC', '2022-08-23 09:45:00', 1, 0, 'US NDAQ 100 - Cash', b'0'),
	(389, 12921.95, 0.75, 0, 12921.95, '', '', '2022-08-24 11:12:00', 'O5-77-5H7MP9', '2022-08-24 11:10:00', 0, 0, 'US NDAQ 100 - Cash', b'0'),
	(390, 13379.72, 0.69, 1.67, 13377.82, '', '', '2022-08-12 10:02:00', 'O5-77-5GB25P', '2022-08-12 10:02:00', 0, 0, 'US NDAQ 100 - Cash', b'1'),
	(391, 0, 0, 10.37, 0, '', '', '2022-08-02 11:24:00', '1102289237', '2022-08-02 11:24:00', 2, 0, 'US NDAQ 100 - Cash', b'0'),
	(572, 12438.51, 0.9, -8.84, 12431.07, '', '', '2022-08-31 10:05:52', 'O5-77-5HLZQ7', '2022-08-31 10:05:42', 1, 0, 'US NDAQ 100 - Cash', b'1'),
	(573, 12427.21, 0.9, -0.45, 12426.83, '', '', '2022-08-31 10:06:41', 'O5-77-5HLZRY', '2022-08-31 10:06:05', 1, 0, 'US NDAQ 100 - Cash', b'1'),
	(574, 12410.83, 0.9, -10.38, 12419.57, '', '', '2022-08-31 10:15:17', 'O5-77-5HM1EQ', '2022-08-31 10:15:05', 0, 0, 'US NDAQ 100 - Cash', b'1'),
	(575, 12390.23, 0.9, 9.9, 12398.65, '', '', '2022-08-31 10:28:41', 'O5-77-5HM3G1', '2022-08-31 10:26:47', 1, 0, 'US NDAQ 100 - Cash', b'1'),
	(576, 12418.44, 0.9, -8.5, 12411.28, '', '', '2022-08-31 10:21:07', 'O5-77-5HM2L7', '2022-08-31 10:20:26', 1, 0, 'US NDAQ 100 - Cash', b'1'),
	(577, 12389.33, 0.9, 20.3, 12406.59, '', '', '2022-08-31 10:18:48', 'O5-77-5HM1K3', '2022-08-31 10:15:35', 1, 0, 'US NDAQ 100 - Cash', b'1'),
	(578, 12478.52, 0.85, 29.71, 12505.43, '', '', '2022-08-30 09:51:23', 'O5-77-5HJ4Y9', '2022-08-30 09:49:17', 1, 0, 'US NDAQ 100 - Cash', b'1'),
	(579, 12433.48, 0.9, 0, 12433.48, '', '', '2022-08-31 10:11:09', 'O5-77-5HM00V', '2022-08-31 10:07:30', 1, 0, 'US NDAQ 100 - Cash', b'0'),
	(580, 12394.73, 0.9, 29.7, 12419.99, '', '', '2022-08-31 10:23:07', 'O5-77-5HM2Q1', '2022-08-31 10:21:21', 1, 0, 'US NDAQ 100 - Cash', b'1'),
	(581, 12438.15, 0.9, 2.63, 12440.39, '', '', '2022-08-31 10:12:39', 'O5-77-5HM0TV', '2022-08-31 10:11:36', 1, 0, 'US NDAQ 100 - Cash', b'1'),
	(582, 0, 0, 350, 0, '', '', '2022-08-31 10:33:04', '1112362672', '2022-08-31 10:33:04', 2, 0, NULL, b'0'),
	(583, 12592.16, 0.85, 14.99, 12578.52, '', '', '2022-08-29 10:17:49', 'O5-77-5HFZ4D', '2022-08-29 10:17:24', 0, 0, 'US NDAQ 100 - Cash', b'1'),
	(584, 12394.91, 0.9, 7.91, 12388.18, '', '', '2022-08-31 10:25:40', 'O5-77-5HM393', '2022-08-31 10:25:26', 0, 0, 'US NDAQ 100 - Cash', b'1'),
	(585, 12393.49, 0.9, -5.4, 12398.04, '', '', '2022-08-31 10:25:17', 'O5-77-5HM371', '2022-08-31 10:25:07', 0, 0, 'US NDAQ 100 - Cash', b'1'),
	(586, 12423.78, 0.9, -8.1, 12416.96, '', '', '2022-08-31 10:07:19', 'O5-77-5HLZYK', '2022-08-31 10:07:10', 1, 0, 'US NDAQ 100 - Cash', b'1'),
	(587, 12449.54, 0.9, -0.88, 12448.8, '', '', '2022-08-31 10:03:25', 'O5-77-5HLZ7D', '2022-08-31 10:02:50', 1, 0, 'US NDAQ 100 - Cash', b'1'),
	(588, 12524.26, 0.85, 6.3, 12518.54, '', '', '2022-08-29 10:03:30', 'O5-77-5HFWLV', '2022-08-29 10:03:02', 0, 0, 'US NDAQ 100 - Cash', b'1'),
	(589, 12507.04, 0.85, -8.72, 12499.22, '', '', '2022-08-30 09:49:06', 'O5-77-5HJ4VH', '2022-08-30 09:48:59', 1, 0, 'US NDAQ 100 - Cash', b'1'),
	(590, 12339.6, 1.15, -11.82, 12331.8, '', '', '2022-09-02 09:50:52', 'O5-77-5HS5PC', '2022-09-02 09:50:35', 1, 0, 'US NDAQ 100 - Cash', b'1'),
	(591, 12426.52, 1.15, -9.63, 12432.89, '', '', '2022-09-02 10:48:43', 'O5-77-5HSFV8', '2022-09-02 10:47:39', 0, 0, 'US NDAQ 100 - Cash', b'1'),
	(592, 12113.51, 1.15, 40.4, 12140.26, '', '', '2022-09-01 10:14:15', 'O5-77-5HPLTK', '2022-09-01 10:09:06', 1, 0, 'US NDAQ 100 - Cash', b'1'),
	(593, 0, 0, 43.53, 0, '', '', '2022-09-01 10:02:40', '1112871787', '2022-09-01 10:02:40', 2, 0, NULL, b'0'),
	(594, 12435.12, 1.15, -11.99, 12443.05, '', '', '2022-09-02 10:43:54', 'O5-77-5HSF92', '2022-09-02 10:43:42', 0, 0, 'US NDAQ 100 - Cash', b'1'),
	(595, 12434.32, 1.15, 0, 12434.32, '', '', '2022-09-02 10:45:33', 'O5-77-5HSFC8', '2022-09-02 10:44:04', 0, 0, 'US NDAQ 100 - Cash', b'0'),
	(596, 12411.51, 1.15, -23.77, 12395.8, '', '', '2022-09-02 10:30:55', 'O5-77-5HSCZ1', '2022-09-02 10:29:56', 1, 0, 'US NDAQ 100 - Cash', b'0'),
	(597, 12168.1, 1.15, 0, 12168.1, '', '', '2022-09-01 10:01:19', 'O5-77-5HPJFP', '2022-09-01 09:59:53', 1, 0, 'US NDAQ 100 - Cash', b'0'),
	(598, 12429.9, 1.15, 16.15, 12419.12, '', '', '2022-09-02 10:36:21', 'O5-77-5HSDRE', '2022-09-02 10:34:03', 0, 0, 'US NDAQ 100 - Cash', b'1'),
	(599, 12177.5, 1.15, -13.31, 12168.76, '', '', '2022-09-01 09:59:44', 'O5-77-5HPJDP', '2022-09-01 09:59:27', 1, 0, 'US NDAQ 100 - Cash', b'1'),
	(600, 12310.55, 1.15, 6.57, 12306.17, '', '', '2022-09-02 10:00:07', 'O5-77-5HS766', '2022-09-02 09:59:41', 0, 0, 'US NDAQ 100 - Cash', b'1'),
	(601, 12386.44, 1.15, 29.52, 12366.74, '', '', '2022-09-02 10:29:11', 'O5-77-5HSBKZ', '2022-09-02 10:19:50', 0, 0, 'US NDAQ 100 - Cash', b'1'),
	(602, 12391.52, 1.15, 2.96, 12393.5, '', '', '2022-09-02 10:54:27', 'O5-77-5HSGP9', '2022-09-02 10:53:15', 1, 0, 'US NDAQ 100 - Cash', b'1'),
	(603, 12444.58, 1.15, 0, 12444.58, '', '', '2022-09-02 10:41:03', 'O5-77-5HSEN9', '2022-09-02 10:40:15', 1, 0, 'US NDAQ 100 - Cash', b'0'),
	(604, 12332.86, 1.15, -11.81, 12325.07, '', '', '2022-09-02 09:54:08', 'O5-77-5HS6C5', '2022-09-02 09:53:36', 1, 0, 'US NDAQ 100 - Cash', b'1'),
	(605, 12118.2, 1.15, 4.15, 12120.95, '', '', '2022-09-01 10:23:09', 'O5-77-5HPPC8', '2022-09-01 10:22:36', 1, 0, 'US NDAQ 100 - Cash', b'1'),
	(606, 12433.02, 1.15, 12.5, 12424.67, '', '', '2022-09-02 10:50:49', 'O5-77-5HSG3P', '2022-09-02 10:49:30', 0, 0, 'US NDAQ 100 - Cash', b'1'),
	(607, 12143.29, 1.15, -11.32, 12135.87, '', '', '2022-09-01 10:08:45', 'O5-77-5HPLC5', '2022-09-01 10:06:25', 1, 0, 'US NDAQ 100 - Cash', b'1'),
	(608, 0, 0, 82.76, 0, '', '', '2022-09-02 10:16:51', '1113414708', '2022-09-02 10:16:51', 2, 0, NULL, b'0'),
	(609, 12449.04, 1.15, 0.78, 12449.56, '', '', '2022-09-02 10:42:59', 'O5-77-5HSF1F', '2022-09-02 10:42:19', 1, 0, 'US NDAQ 100 - Cash', b'1'),
	(610, 12311.21, 1.15, -11.14, 12303.86, '', '', '2022-09-02 10:09:27', 'O5-77-5HS8RT', '2022-09-02 10:09:09', 1, 0, 'US NDAQ 100 - Cash', b'1'),
	(611, 12380.67, 1.15, -82.76, 12326.02, '', '', '2022-09-02 10:16:27', 'O5-77-5HS954', '2022-09-02 10:11:10', 1, 0, 'US NDAQ 100 - Cash', b'0'),
	(612, 12353.39, 1.15, -10.77, 12346.28, '', '', '2022-09-02 09:51:34', 'O5-77-5HS5V5', '2022-09-02 09:51:16', 1, 0, 'US NDAQ 100 - Cash', b'1'),
	(613, 12406.89, 1.15, 20.24, 12420.41, '', '', '2022-09-02 10:52:31', 'O5-77-5HSGG3', '2022-09-02 10:52:12', 1, 0, 'US NDAQ 100 - Cash', b'1'),
	(614, 12327.78, 1.15, -26.05, 12310.59, '', '', '2022-09-02 10:11:00', 'O5-77-5HS8V0', '2022-09-02 10:09:35', 1, 0, 'US NDAQ 100 - Cash', b'1'),
	(615, 0, 0, 23.77, 0, '', '', '2022-09-02 10:31:04', '1113421214', '2022-09-02 10:31:04', 2, 0, NULL, b'0'),
	(616, 12316.25, 1.15, 31.44, 12337.2, '', '', '2022-09-02 09:57:34', 'O5-77-5HS6GB', '2022-09-02 09:54:21', 1, 0, 'US NDAQ 100 - Cash', b'1'),
	(617, 12124.42, 1.15, -43.53, 12152.97, '', '', '2022-09-01 10:02:18', 'O5-77-5HPJZ8', '2022-09-01 10:01:33', 0, 0, 'US NDAQ 100 - Cash', b'0'),
	(618, 12093.57, 1.15, 4.74, 12096.71, '', '', '2022-09-01 10:17:21', 'O5-77-5HPN8T', '2022-09-01 10:16:58', 1, 0, 'US NDAQ 100 - Cash', b'1'),
	(619, 12237.18, 1.15, -61.63, 12277.77, '', '', '2022-09-08 10:24:59', 'O5-78-5J2V32', '2022-09-08 10:20:49', 0, 0, 'US NDAQ 100 - Cash', b'1'),
	(620, 12076.52, 1.15, 34.34, 12053.77, '', '', '2022-09-07 10:02:03', 'O5-78-5J053Q', '2022-09-07 10:00:19', 0, 0, 'US NDAQ 100 - Cash', b'0'),
	(621, 12196.08, 1.15, -13.75, 12205.13, '', '', '2022-09-08 10:15:04', 'O5-78-5J2T35', '2022-09-08 10:15:00', 0, 0, 'US NDAQ 100 - Cash', b'1'),
	(622, 12105.9, 1.15, -85.51, 12049.74, '', '', '2022-09-07 11:08:34', 'O5-78-5J08TQ', '2022-09-07 10:25:43', 1, 0, 'US NDAQ 100 - Cash', b'0'),
	(623, 12065.02, 1.15, -77.32, 12115.77, '', '', '2022-09-07 10:00:10', 'O5-78-5J037T', '2022-09-07 09:49:14', 0, 0, 'US NDAQ 100 - Cash', b'0'),
	(624, 12233.43, 1.15, 21.63, 12219.01, '', '', '2022-09-08 12:58:34', 'O5-78-5J3C8H', '2022-09-08 12:41:38', 0, 0, 'US NDAQ 100 - Cash', b'1'),
	(625, 12105.7, 1.15, -19.38, 12118.43, '', '', '2022-09-07 12:20:36', 'O5-78-5J0M30', '2022-09-07 12:19:00', 0, 0, 'US NDAQ 100 - Cash', b'0'),
	(626, 12082.43, 1.15, 0.99, 12081.77, '', '', '2022-09-06 09:40:22', 'O5-78-5HXE0F', '2022-09-06 09:39:51', 0, 0, 'US NDAQ 100 - Cash', b'1'),
	(627, 12119.73, 1.15, 28.45, 12138.6, '', '', '2022-09-07 11:17:46', 'O5-78-5J0G6Z', '2022-09-07 11:14:11', 1, 0, 'US NDAQ 100 - Cash', b'0'),
	(628, 12217.01, 1.15, -21.62, 12202.78, '', '', '2022-09-08 10:07:47', 'O5-78-5J2RX5', '2022-09-08 10:06:58', 1, 0, 'US NDAQ 100 - Cash', b'1'),
	(629, 12130.83, 1.15, -38.25, 12105.71, '', '', '2022-09-07 11:12:53', 'O5-78-5J0FJ0', '2022-09-07 11:08:48', 1, 0, 'US NDAQ 100 - Cash', b'0'),
	(630, 12086.3, 1.15, -11.05, 12079.02, '', '', '2022-09-06 09:41:36', 'O5-78-5HXEBY', '2022-09-06 09:41:19', 1, 0, 'US NDAQ 100 - Cash', b'1'),
	(631, 12221.69, 1.15, 14.85, 12211.81, '', '', '2022-09-08 10:11:53', 'O5-78-5J2SHY', '2022-09-08 10:11:01', 0, 0, 'US NDAQ 100 - Cash', b'1'),
	(632, 12129.57, 1.15, 11.62, 12121.86, '', '', '2022-09-07 11:20:41', 'O5-78-5J0GMD', '2022-09-07 11:18:05', 0, 0, 'US NDAQ 100 - Cash', b'0'),
	(633, 12046.38, 1.15, -13.15, 12037.75, '', '', '2022-09-07 10:25:33', 'O5-78-5J08P6', '2022-09-07 10:25:03', 1, 0, 'US NDAQ 100 - Cash', b'0'),
	(634, 12096.47, 1.15, -11.06, 12089.18, '', '', '2022-09-06 09:42:11', 'O5-78-5HXEHG', '2022-09-06 09:42:08', 1, 0, 'US NDAQ 100 - Cash', b'1'),
	(635, 12121.41, 1.15, 10.22, 12128.19, '', '', '2022-09-07 12:16:09', 'O5-78-5J0GZ4', '2022-09-07 11:21:20', 1, 0, 'US NDAQ 100 - Cash', b'0'),
	(636, 12268.05, 1.15, 99.99, 12201.36, '', '', '2022-09-08 13:13:19', 'O5-78-5J3E81', '2022-09-08 13:09:11', 0, 0, 'US NDAQ 100 - Cash', b'1'),
	(637, 12101.02, 1.15, 0, 12101.02, '', '', '2022-09-06 09:45:13', 'O5-78-5HXEK4', '2022-09-06 09:42:20', 1, 0, 'US NDAQ 100 - Cash', b'0'),
	(638, 12191.63, 1.15, -12.06, 12199.57, '', '', '2022-09-08 10:02:59', 'O5-78-5J2R1W', '2022-09-08 10:02:27', 0, 0, 'US NDAQ 100 - Cash', b'1'),
	(639, 12122.99, 1.15, -12.56, 12114.74, '', '', '2022-09-07 09:48:59', 'O5-78-5J0338', '2022-09-07 09:48:03', 1, 0, 'US NDAQ 100 - Cash', b'0'),
	(640, 12285.07, 1.15, -68.84, 12239.72, '', '', '2022-09-08 10:36:44', 'O5-78-5J2VXW', '2022-09-08 10:26:02', 1, 0, 'US NDAQ 100 - Cash', b'1'),
	(641, 0, 0, 195.88, 0, '', '', '2022-09-07 12:54:04', '1114916076', '2022-09-07 12:54:04', 2, 0, NULL, b'0'),
	(642, 12242.62, 1.15, 55.68, 12205.58, '', '', '2022-09-08 10:17:29', 'O5-78-5J2T46', '2022-09-08 10:15:15', 0, 0, 'US NDAQ 100 - Cash', b'1'),
	(643, 12199.03, 1.15, 43.99, 12169.74, '', '', '2022-09-08 12:34:05', 'O5-78-5J3B9G', '2022-09-08 12:30:23', 0, 0, 'US NDAQ 100 - Cash', b'1'),
	(644, 12117.89, 1.15, 11.96, 12109.96, '', '', '2022-09-07 09:42:36', 'O5-78-5J01YT', '2022-09-07 09:41:51', 0, 0, 'US NDAQ 100 - Cash', b'0'),
	(645, 12201.19, 1.15, 37.54, 12226.2, '', '', '2022-09-08 13:07:09', 'O5-78-5J3DKS', '2022-09-08 12:59:37', 1, 0, 'US NDAQ 100 - Cash', b'1'),
	(646, 12155.22, 1.15, -81.09, 12101.92, '', '', '2022-09-07 12:51:16', 'O5-78-5J0M7R', '2022-09-07 12:20:49', 1, 0, 'US NDAQ 100 - Cash', b'0'),
	(647, 12036.08, 1.15, 64.36, 12078.89, '', '', '2022-09-06 09:53:41', 'O5-78-5HXFCY', '2022-09-06 09:46:53', 1, 0, 'US NDAQ 100 - Cash', b'1'),
	(648, 12069.61, 1.15, -12.94, 12078.14, '', '', '2022-09-06 09:46:45', 'O5-78-5HXF93', '2022-09-06 09:46:23', 0, 0, 'US NDAQ 100 - Cash', b'1'),
	(649, 12058.75, 1.15, -11.81, 12051, '', '', '2022-09-07 10:17:32', 'O5-78-5J07Q9', '2022-09-07 10:17:13', 1, 0, 'US NDAQ 100 - Cash', b'0'),
	(650, 12211.64, 1.15, -28.44, 12192.88, '', '', '2022-09-08 12:41:21', 'O5-78-5J3BST', '2022-09-08 12:35:39', 1, 0, 'US NDAQ 100 - Cash', b'1'),
	(651, 12280.26, 1.15, -30.52, 12260.15, '', '', '2022-09-08 10:20:31', 'O5-78-5J2TVD', '2022-09-08 10:19:53', 1, 0, 'US NDAQ 100 - Cash', b'1'),
	(652, 12052.24, 1.15, 0.95, 12052.87, '', '', '2022-09-07 10:24:24', 'O5-78-5J07S7', '2022-09-07 10:17:38', 1, 0, 'US NDAQ 100 - Cash', b'0'),
	(653, 12042.66, 1.15, 45.65, 12072.89, '', '', '2022-09-07 10:16:18', 'O5-78-5J05M3', '2022-09-07 10:02:14', 1, 0, 'US NDAQ 100 - Cash', b'0'),
	(654, 12280.5, 1.15, -9.12, 12274.49, '', '', '2022-09-08 10:37:50', 'O5-78-5J2XL2', '2022-09-08 10:37:12', 1, 0, 'US NDAQ 100 - Cash', b'1'),
	(655, 12283, 1.15, 0, 12283, '', '', '2022-09-08 12:01:33', 'O5-78-5J2XP1', '2022-09-08 10:38:01', 0, 0, 'US NDAQ 100 - Cash', b'0'),
	(656, 12095.89, 1.15, -0.85, 12096.45, '', '', '2022-09-14 10:09:47', 'O5-79-5JE243', '2022-09-14 10:01:04', 0, 0, 'US NDAQ 100 - Cash', b'1'),
	(657, 11743.63, 1.2, 8.28, 11748.85, '', '', '2022-09-16 11:03:21', 'O5-79-5JLME9', '2022-09-16 10:58:05', 1, 0, 'US NDAQ 100 - Cash', b'1'),
	(658, 11778.07, 1.15, 1.49, 11777.09, '', '', '2022-09-16 10:26:45', 'O5-79-5JLFWP', '2022-09-16 10:23:02', 0, 0, 'US NDAQ 100 - Cash', b'0'),
	(659, 12023.82, 1.15, -5.74, 12027.59, '', '', '2022-09-14 10:29:59', 'O5-79-5JE6DF', '2022-09-14 10:29:35', 0, 0, 'US NDAQ 100 - Cash', b'1'),
	(660, 12557.4, 1.15, -0.96, 12558.04, '', '', '2022-09-09 10:46:49', 'O5-78-5J5GLS', '2022-09-09 10:44:45', 0, 0, 'US NDAQ 100 - Cash', b'0'),
	(661, 12025.62, 1.15, 29.7, 12045.29, '', '', '2022-09-15 10:33:00', 'O5-79-5JHKV3', '2022-09-15 10:30:29', 1, 0, 'US NDAQ 100 - Cash', b'1'),
	(662, 12046.55, 1.15, 31.68, 12067.57, '', '', '2022-09-14 10:26:45', 'O5-79-5JE5JV', '2022-09-14 10:25:14', 1, 0, 'US NDAQ 100 - Cash', b'1'),
	(663, 12560.24, 1.15, -13.11, 12568.94, '', '', '2022-09-09 11:42:07', 'O5-78-5J5MHC', '2022-09-09 11:41:39', 0, 0, 'US NDAQ 100 - Cash', b'0'),
	(664, 12106.93, 1.15, 23.33, 12091.45, '', '', '2022-09-14 10:11:21', 'O5-79-5JE3G2', '2022-09-14 10:10:19', 0, 0, 'US NDAQ 100 - Cash', b'1'),
	(665, 12727.99, 1, -7.51, 12733.75, '', '', '2022-09-12 10:12:23', 'O5-79-5J7NMV', '2022-09-12 10:11:20', 0, 0, 'US NDAQ 100 - Cash', b'1'),
	(666, 11760.63, 1.15, -15.82, 11750.33, '', '', '2022-09-16 10:10:30', 'O5-79-5JLD2S', '2022-09-16 10:09:37', 1, 0, 'US NDAQ 100 - Cash', b'0'),
	(667, 11736.73, 1.2, 2, 11737.99, '', '', '2022-09-16 11:10:40', 'O5-79-5JLP2K', '2022-09-16 11:10:33', 1, 0, 'US NDAQ 100 - Cash', b'1'),
	(668, 12741.75, 1, 10.17, 12749.63, '', '', '2022-09-12 10:26:44', 'O5-79-5J7QL5', '2022-09-12 10:25:27', 1, 0, 'US NDAQ 100 - Cash', b'1'),
	(669, 12095.61, 1.15, 0, 12095.61, '', '', '2022-09-14 10:18:22', 'O5-79-5JE48V', '2022-09-14 10:17:04', 1, 0, 'US NDAQ 100 - Cash', b'0'),
	(670, 12734, 1, 10.48, 12725.88, '', '', '2022-09-12 10:16:21', 'O5-79-5J7NVF', '2022-09-12 10:13:00', 0, 0, 'US NDAQ 100 - Cash', b'1'),
	(671, 12037.53, 1.15, 0, 12037.53, '', '', '2022-09-15 10:42:29', 'O5-79-5JHMJ8', '2022-09-15 10:41:04', 0, 0, 'US NDAQ 100 - Cash', b'0'),
	(672, 12556.15, 1.15, -11.83, 12564, '', '', '2022-09-09 11:48:48', 'O5-78-5J5MQZ', '2022-09-09 11:46:06', 0, 0, 'US NDAQ 100 - Cash', b'0'),
	(673, 12028.61, 1.15, 31.28, 12049.33, '', '', '2022-09-15 10:47:44', 'O5-79-5JHN2S', '2022-09-15 10:45:13', 1, 0, 'US NDAQ 100 - Cash', b'1'),
	(674, 12527.65, 1.15, 12.49, 12536.02, '', '', '2022-09-09 11:11:23', 'O5-78-5J5K56', '2022-09-09 11:10:55', 1, 0, 'US NDAQ 100 - Cash', b'0'),
	(675, 11938.72, 1.15, 11.63, 11946.42, '', '', '2022-09-15 10:59:25', 'O5-79-5JHR3H', '2022-09-15 10:58:12', 1, 0, 'US NDAQ 100 - Cash', b'1'),
	(676, 12528.97, 1.15, 0, 12528.97, '', '', '2022-09-09 11:21:41', 'O5-78-5J5KV4', '2022-09-09 11:18:51', 1, 0, 'US NDAQ 100 - Cash', b'0'),
	(677, 11774.97, 1.15, -12, 11782.79, '', '', '2022-09-16 10:29:41', 'O5-79-5JLGJQ', '2022-09-16 10:27:16', 0, 0, 'US NDAQ 100 - Cash', b'0'),
	(678, 11764.22, 1.2, 0.14, 11764.13, '', '', '2022-09-16 11:08:15', 'O5-79-5JLNPN', '2022-09-16 11:07:18', 0, 0, 'US NDAQ 100 - Cash', b'1'),
	(679, 12336.86, 1, 18.19, 12350.84, '', '', '2022-09-13 09:45:09', 'O5-79-5JB2FS', '2022-09-13 09:42:25', 1, 0, 'US NDAQ 100 - Cash', b'1'),
	(680, 12540.68, 1.15, -8.81, 12546.52, '', '', '2022-09-09 11:04:00', 'O5-78-5J5JC8', '2022-09-09 11:02:48', 0, 0, 'US NDAQ 100 - Cash', b'0'),
	(681, 11784.83, 1.15, 0.99, 11785.48, '', '', '2022-09-16 10:13:00', 'O5-79-5JLDM2', '2022-09-16 10:12:19', 1, 0, 'US NDAQ 100 - Cash', b'0'),
	(682, 12068.81, 1.15, -13.32, 12060.06, '', '', '2022-09-14 10:24:41', 'O5-79-5JE5D5', '2022-09-14 10:24:11', 1, 0, 'US NDAQ 100 - Cash', b'1'),
	(683, 11811.81, 1.15, 9.9, 11805.29, '', '', '2022-09-16 10:33:16', 'O5-79-5JLH4G', '2022-09-16 10:30:53', 0, 0, 'US NDAQ 100 - Cash', b'0'),
	(684, 12114.27, 1.15, 32.54, 12092.65, '', '', '2022-09-14 10:46:05', 'O5-79-5JE8JM', '2022-09-14 10:40:34', 0, 0, 'US NDAQ 100 - Cash', b'1'),
	(685, 11806.87, 1.15, -11.03, 11814.06, '', '', '2022-09-16 10:34:14', 'O5-79-5JLHLZ', '2022-09-16 10:33:41', 0, 0, 'US NDAQ 100 - Cash', b'0'),
	(686, 12071.91, 1.15, 24.87, 12088.41, '', '', '2022-09-14 10:22:41', 'O5-79-5JE4S8', '2022-09-14 10:21:05', 1, 0, 'US NDAQ 100 - Cash', b'1'),
	(687, 12131.11, 1.15, -10.99, 12123.89, '', '', '2022-09-15 10:14:17', 'O5-79-5JHGNZ', '2022-09-15 10:12:29', 1, 0, 'US NDAQ 100 - Cash', b'1'),
	(688, 12087.22, 1.15, -20, 12074.08, '', '', '2022-09-14 09:53:27', 'O5-79-5JE0K1', '2022-09-14 09:51:35', 1, 0, 'US NDAQ 100 - Cash', b'1'),
	(689, 12352.3, 1, 0.99, 12353.06, '', '', '2022-09-13 09:49:34', 'O5-79-5JB3QP', '2022-09-13 09:48:21', 1, 0, 'US NDAQ 100 - Cash', b'1'),
	(690, 12131.82, 1.15, 45.42, 12101.62, '', '', '2022-09-14 10:55:12', 'O5-79-5JE9TQ', '2022-09-14 10:49:50', 0, 0, 'US NDAQ 100 - Cash', b'1'),
	(691, 12089.41, 1, -12.66, 12098.98, '', '', '2022-09-14 09:48:42', 'O5-79-5JDZXR', '2022-09-14 09:48:38', 0, 0, 'US NDAQ 100 - Cash', b'1'),
	(692, 12307.36, 0.5, 7.82, 12319.37, '', '', '2022-09-13 10:20:25', 'O5-79-5JBB73', '2022-09-13 10:19:58', 1, 0, 'US NDAQ 100 - Cash', b'1'),
	(693, 12559.42, 1.15, -12.49, 12567.71, '', '', '2022-09-09 11:44:05', 'O5-78-5J5MJG', '2022-09-09 11:42:14', 0, 0, 'US NDAQ 100 - Cash', b'0'),
	(694, 12517.92, 1.15, -12.56, 12526.25, '', '', '2022-09-09 10:30:47', 'O5-78-5J5F3W', '2022-09-09 10:30:13', 0, 0, 'US NDAQ 100 - Cash', b'0'),
	(695, 11780.13, 1.15, -21.22, 11766.3, '', '', '2022-09-16 10:22:46', 'O5-79-5JLFQV', '2022-09-16 10:22:11', 1, 0, 'US NDAQ 100 - Cash', b'0'),
	(696, 12103.73, 1.15, 14.86, 12093.87, '', '', '2022-09-14 10:16:29', 'O5-79-5JE3YP', '2022-09-14 10:14:35', 0, 0, 'US NDAQ 100 - Cash', b'1'),
	(697, 12098.95, 1.15, -18.3, 12110.99, '', '', '2022-09-14 10:49:31', 'O5-79-5JE9MG', '2022-09-14 10:48:07', 0, 0, 'US NDAQ 100 - Cash', b'1'),
	(698, 12051.8, 1.15, -16.7, 12040.85, '', '', '2022-09-15 10:45:04', 'O5-79-5JHMTB', '2022-09-15 10:42:53', 1, 0, 'US NDAQ 100 - Cash', b'1'),
	(699, 11754.98, 1.2, 16.62, 11744.5, '', '', '2022-09-16 11:06:03', 'O5-79-5JLN9J', '2022-09-16 11:04:01', 0, 0, 'US NDAQ 100 - Cash', b'1'),
	(700, 12078.62, 1.15, -19.73, 12065.66, '', '', '2022-09-14 09:51:19', 'O5-79-5JE0CM', '2022-09-14 09:50:38', 1, 0, 'US NDAQ 100 - Cash', b'1'),
	(701, 12571.51, 1.15, 34.78, 12548.2, '', '', '2022-09-09 11:41:11', 'O5-78-5J5LYZ', '2022-09-09 11:34:31', 0, 0, 'US NDAQ 100 - Cash', b'0'),
	(702, 12552.56, 1.15, -0.8, 12553.09, '', '', '2022-09-09 11:34:09', 'O5-78-5J5LQE', '2022-09-09 11:31:38', 0, 0, 'US NDAQ 100 - Cash', b'0'),
	(703, 12541.32, 1.15, -12.38, 12549.53, '', '', '2022-09-09 10:48:09', 'O5-78-5J5GWP', '2022-09-09 10:47:44', 0, 0, 'US NDAQ 100 - Cash', b'0'),
	(704, 0, 0, 132.22, 0, '', '', '2022-09-09 13:44:12', '1116006026', '2022-09-09 13:44:12', 2, 0, NULL, b'0'),
	(705, 12108.9, 1.15, -1.52, 12109.9, '', '', '2022-09-14 10:47:57', 'O5-79-5JE9ER', '2022-09-14 10:46:21', 0, 0, 'US NDAQ 100 - Cash', b'1'),
	(706, 11983.59, 1.15, 43.45, 12012.36, '', '', '2022-09-15 10:50:41', 'O5-79-5JHNND', '2022-09-15 10:49:20', 1, 0, 'US NDAQ 100 - Cash', b'1'),
	(707, 12110.18, 1.15, 0, 12110.18, '', '', '2022-09-14 11:05:24', 'O5-79-5JEDCQ', '2022-09-14 11:03:44', 0, 0, 'US NDAQ 100 - Cash', b'0'),
	(708, 12078.99, 1, -13.1, 12088.89, '', '', '2022-09-14 09:49:10', 'O5-79-5JDZZP', '2022-09-14 09:48:56', 0, 0, 'US NDAQ 100 - Cash', b'1'),
	(709, 12095.67, 1, -12.33, 12104.99, '', '', '2022-09-14 09:48:09', 'O5-79-5JDZRH', '2022-09-14 09:47:58', 0, 0, 'US NDAQ 100 - Cash', b'1'),
	(710, 12090.53, 1.15, 19.81, 12077.39, '', '', '2022-09-14 10:20:35', 'O5-79-5JE4LG', '2022-09-14 10:19:40', 0, 0, 'US NDAQ 100 - Cash', b'1'),
	(711, 12546.22, 1.15, 10.89, 12553.52, '', '', '2022-09-09 11:09:35', 'O5-78-5J5JWC', '2022-09-09 11:08:20', 1, 0, 'US NDAQ 100 - Cash', b'0'),
	(712, 12285.63, 1, 30.06, 12308.71, '', '', '2022-09-13 10:01:55', 'O5-79-5JB5GF', '2022-09-13 09:56:26', 1, 0, 'US NDAQ 100 - Cash', b'1'),
	(713, 12029.36, 1.15, -10.15, 12036.02, '', '', '2022-09-15 10:30:19', 'O5-79-5JHKR1', '2022-09-15 10:30:11', 0, 0, 'US NDAQ 100 - Cash', b'1'),
	(714, 12164.28, 1.15, 66.41, 12120.12, '', '', '2022-09-14 11:06:49', 'O5-79-5JEDTP', '2022-09-14 11:05:45', 0, 0, 'US NDAQ 100 - Cash', b'1'),
	(715, 12521.38, 1.15, -12.38, 12529.59, '', '', '2022-09-09 10:36:01', 'O5-78-5J5FFE', '2022-09-09 10:33:26', 0, 0, 'US NDAQ 100 - Cash', b'0'),
	(716, 11786.41, 1.15, -11.43, 11778.96, '', '', '2022-09-16 10:52:56', 'O5-79-5JLLP5', '2022-09-16 10:52:54', 1, 0, 'US NDAQ 100 - Cash', b'1'),
	(717, 0, 0, 12.2, 0, '', '', '2022-09-16 10:49:17', '1118558871', '2022-09-16 10:49:17', 2, 0, NULL, b'0'),
	(718, 11792.01, 1.2, -27.45, 11809.16, '', '', '2022-09-16 10:44:48', 'O5-79-5JLK4Y', '2022-09-16 10:42:48', 0, 0, 'US NDAQ 100 - Cash', b'0'),
	(719, 12129.26, 1.15, 15.33, 12119.09, '', '', '2022-09-15 10:19:55', 'O5-79-5JHH2K', '2022-09-15 10:15:13', 0, 0, 'US NDAQ 100 - Cash', b'1'),
	(720, 12114.89, 1, -4.41, 12118.22, '', '', '2022-09-15 10:09:02', 'O5-79-5JHF6S', '2022-09-15 10:03:59', 0, 0, 'US NDAQ 100 - Cash', b'1'),
	(721, 12126.11, 1, -12.99, 12135.92, '', '', '2022-09-15 10:02:16', 'O5-79-5JHEV4', '2022-09-15 10:02:07', 0, 0, 'US NDAQ 100 - Cash', b'1'),
	(722, 12054.77, 1.15, 57.28, 12092.74, '', '', '2022-09-15 10:27:37', 'O5-79-5JHJ73', '2022-09-15 10:22:04', 1, 0, 'US NDAQ 100 - Cash', b'1'),
	(723, 12549.72, 1.15, 1.88, 12550.98, '', '', '2022-09-09 11:31:24', 'O5-78-5J5LL7', '2022-09-09 11:29:32', 1, 0, 'US NDAQ 100 - Cash', b'0'),
	(724, 11819.98, 1.2, -21.61, 11833.49, '', '', '2022-09-16 10:38:21', 'O5-79-5JLHY2', '2022-09-16 10:35:31', 0, 0, 'US NDAQ 100 - Cash', b'0'),
	(725, 11950.5, 1.15, 13.22, 11959.25, '', '', '2022-09-15 10:56:44', 'O5-79-5JHQF0', '2022-09-15 10:55:03', 1, 0, 'US NDAQ 100 - Cash', b'1'),
	(726, 12065.43, 1.15, -15, 12075.28, '', '', '2022-09-14 09:50:30', 'O5-79-5JE04P', '2022-09-14 09:49:41', 0, 0, 'US NDAQ 100 - Cash', b'1'),
	(727, 11807.66, 1.2, -12.32, 11815.36, '', '', '2022-09-16 10:42:08', 'O5-79-5JLJKT', '2022-09-16 10:38:57', 0, 0, 'US NDAQ 100 - Cash', b'0'),
	(728, 12556.78, 1.15, 17.82, 12544.84, '', '', '2022-09-09 11:01:20', 'O5-78-5J5HSV', '2022-09-09 10:56:33', 0, 0, 'US NDAQ 100 - Cash', b'0'),
	(729, 12589.51, 1.15, -69.86, 12543.12, '', '', '2022-09-09 13:42:57', 'O5-78-5J5N6T', '2022-09-09 11:54:19', 1, 0, 'US NDAQ 100 - Cash', b'0'),
	(730, 12121.97, 1, -11, 12113.66, '', '', '2022-09-15 10:12:21', 'O5-79-5JHGJK', '2022-09-15 10:11:12', 1, 0, 'US NDAQ 100 - Cash', b'1'),
	(731, 12112.95, 1.15, -10.38, 12119.78, '', '', '2022-09-14 11:03:07', 'O5-79-5JED4Q', '2022-09-14 11:02:49', 0, 0, 'US NDAQ 100 - Cash', b'1'),
	(732, 12127.63, 1.15, -3.24, 12129.76, '', '', '2022-09-14 10:58:17', 'O5-79-5JEBQP', '2022-09-14 10:55:28', 0, 0, 'US NDAQ 100 - Cash', b'1'),
	(733, 11772.48, 1.15, -12.01, 11780.3, '', '', '2022-09-16 10:22:05', 'O5-79-5JLFDJ', '2022-09-16 10:20:04', 0, 0, 'US NDAQ 100 - Cash', b'0'),
	(734, 12293.42, 1, -5.97, 12297.96, '', '', '2022-09-13 10:16:25', 'O5-79-5JB989', '2022-09-13 10:16:24', 0, 0, 'US NDAQ 100 - Cash', b'1'),
	(735, 12558.22, 1.15, 20.79, 12544.3, '', '', '2022-09-09 10:51:36', 'O5-78-5J5GZ8', '2022-09-09 10:48:16', 0, 0, 'US NDAQ 100 - Cash', b'0'),
	(736, 12092.99, 1.15, -105.18, 12023.85, '', '', '2022-09-14 10:40:20', 'O5-79-5JE6J2', '2022-09-14 10:30:06', 1, 0, 'US NDAQ 100 - Cash', b'1'),
	(737, 12104.78, 1, -10, 12112.33, '', '', '2022-09-15 10:10:54', 'O5-79-5JHG9S', '2022-09-15 10:09:47', 0, 0, 'US NDAQ 100 - Cash', b'1'),
	(738, 11765.02, 1.15, 12.52, 11773.26, '', '', '2022-09-16 10:56:57', 'O5-79-5JLLY1', '2022-09-16 10:55:06', 1, 0, 'US NDAQ 100 - Cash', b'1'),
	(739, 11841.86, 1.15, -39.79, 11815.91, '', '', '2022-09-16 10:35:18', 'O5-79-5JLHQ3', '2022-09-16 10:34:27', 1, 0, 'US NDAQ 100 - Cash', b'0'),
	(740, 12362.17, 1, -11.72, 12353.25, '', '', '2022-09-13 09:42:04', 'O5-79-5JB2C4', '2022-09-13 09:42:00', 1, 0, 'US NDAQ 100 - Cash', b'1'),
	(741, 12046.39, 1.15, 4.1, 12043.67, '', '', '2022-09-15 10:28:54', 'O5-79-5JHKC1', '2022-09-15 10:28:25', 0, 0, 'US NDAQ 100 - Cash', b'1'),
	(742, 12030.41, 1.15, 0.99, 12029.75, '', '', '2022-09-14 10:28:25', 'O5-79-5JE61L', '2022-09-14 10:28:03', 0, 0, 'US NDAQ 100 - Cash', b'1'),
	(743, 12539.85, 1.15, -9.62, 12546.23, '', '', '2022-09-09 11:54:05', 'O5-78-5J5N05', '2022-09-09 11:50:40', 0, 0, 'US NDAQ 100 - Cash', b'0'),
	(744, 11754.66, 1.2, -16.25, 11764.81, '', '', '2022-09-16 10:57:53', 'O5-79-5JLMBJ', '2022-09-16 10:57:32', 0, 0, 'US NDAQ 100 - Cash', b'1'),
	(745, 12556.92, 1.15, -32.87, 12535.12, '', '', '2022-09-09 11:27:29', 'O5-78-5J5L3Y', '2022-09-09 11:22:21', 1, 0, 'US NDAQ 100 - Cash', b'0'),
	(746, 11786.14, 1.15, 1.69, 11787.25, '', '', '2022-09-16 10:54:13', 'O5-79-5JLLPW', '2022-09-16 10:53:05', 1, 0, 'US NDAQ 100 - Cash', b'1'),
	(747, 12731.63, 1, 26.31, 12711.25, '', '', '2022-09-12 09:56:55', 'O5-79-5J7KN1', '2022-09-12 09:55:07', 0, 0, 'US NDAQ 100 - Cash', b'1'),
	(748, 11773.05, 1.2, -32.36, 11793.27, '', '', '2022-09-16 10:46:41', 'O5-79-5JLKGJ', '2022-09-16 10:45:06', 0, 0, 'US NDAQ 100 - Cash', b'0'),
	(749, 11776.89, 1.15, -25.94, 11793.79, '', '', '2022-09-16 10:19:32', 'O5-79-5JLECJ', '2022-09-16 10:14:44', 0, 0, 'US NDAQ 100 - Cash', b'0'),
	(750, 12713.39, 1, 20.69, 12729.41, '', '', '2022-09-12 10:41:44', 'O5-79-5J7S4Q', '2022-09-12 10:39:22', 1, 0, 'US NDAQ 100 - Cash', b'1'),
	(751, 12535.53, 1.15, -14.96, 12545.45, '', '', '2022-09-09 11:18:06', 'O5-78-5J5KRL', '2022-09-09 11:17:40', 0, 0, 'US NDAQ 100 - Cash', b'0'),
	(752, 12050.12, 1.15, -18.11, 12038.24, '', '', '2022-09-15 10:38:20', 'O5-79-5JHLV5', '2022-09-15 10:36:28', 1, 0, 'US NDAQ 100 - Cash', b'1'),
	(753, 11803.93, 1.15, -11.18, 11796.64, '', '', '2022-09-16 10:30:42', 'O5-79-5JLH0Z', '2022-09-16 10:30:18', 1, 0, 'US NDAQ 100 - Cash', b'0'),
	(754, 12106.99, 1.15, 5.56, 12110.68, '', '', '2022-09-14 10:12:07', 'O5-79-5JE3M7', '2022-09-14 10:11:52', 1, 0, 'US NDAQ 100 - Cash', b'1'),
	(755, 12307.69, 1, -3.71, 12304.87, '', '', '2022-09-13 10:14:14', 'O5-79-5JB8WZ', '2022-09-13 10:14:04', 1, 0, 'US NDAQ 100 - Cash', b'1'),
	(756, 12302.42, 1, 0.99, 12303.18, '', '', '2022-09-13 10:10:16', 'O5-79-5JB86Y', '2022-09-13 10:09:26', 1, 0, 'US NDAQ 100 - Cash', b'1'),
	(757, 12292.66, 0.5, 1.78, 12289.92, '', '', '2022-09-13 10:26:24', 'O5-79-5JBBT7', '2022-09-13 10:23:46', 0, 0, 'US NDAQ 100 - Cash', b'1'),
	(758, 12548.24, 1.15, -1.09, 12547.52, '', '', '2022-09-09 11:07:41', 'O5-78-5J5JPH', '2022-09-09 11:05:58', 1, 0, 'US NDAQ 100 - Cash', b'0'),
	(759, 11798.71, 1.15, -14.02, 11807.85, '', '', '2022-09-16 10:14:22', 'O5-79-5JLE32', '2022-09-16 10:13:47', 0, 0, 'US NDAQ 100 - Cash', b'0'),
	(760, 12121.03, 1.15, 21.49, 12135.32, '', '', '2022-09-14 11:01:15', 'O5-79-5JECDT', '2022-09-14 11:00:21', 1, 0, 'US NDAQ 100 - Cash', b'1'),
	(761, 11745.6, 1.2, 15.52, 11755.39, '', '', '2022-09-16 11:10:13', 'O5-79-5JLNVF', '2022-09-16 11:08:43', 1, 0, 'US NDAQ 100 - Cash', b'1'),
	(762, 12295.83, 1, 5.42, 12299.99, '', '', '2022-09-13 10:17:31', 'O5-79-5JB9B3', '2022-09-13 10:16:52', 1, 0, 'US NDAQ 100 - Cash', b'1'),
	(763, 12103.99, 1, -30.3, 12126.87, '', '', '2022-09-15 10:21:42', 'O5-79-5JHHVJ', '2022-09-15 10:20:02', 0, 0, 'US NDAQ 100 - Cash', b'1'),
	(764, 12283.34, 0.5, -6, 12292.47, '', '', '2022-09-13 10:22:44', 'O5-79-5JBBL5', '2022-09-13 10:22:22', 0, 0, 'US NDAQ 100 - Cash', b'1'),
	(765, 12103.81, 1, -1.65, 12102.56, '', '', '2022-09-14 09:47:36', 'O5-79-5JDZML', '2022-09-14 09:47:28', 1, 0, 'US NDAQ 100 - Cash', b'1'),
	(766, 12297.99, 1, 0.99, 12298.75, '', '', '2022-09-13 10:32:08', 'O5-79-5JBCNC', '2022-09-13 10:30:56', 1, 0, 'US NDAQ 100 - Cash', b'1'),
	(767, 12544.65, 1.15, -9.99, 12538.02, '', '', '2022-09-09 11:10:39', 'O5-78-5J5K2W', '2022-09-09 11:10:14', 1, 0, 'US NDAQ 100 - Cash', b'0'),
	(768, 12030.8, 1.15, -12.87, 12039.24, '', '', '2022-09-15 10:29:58', 'O5-79-5JHKL5', '2022-09-15 10:29:38', 0, 0, 'US NDAQ 100 - Cash', b'1'),
	(769, 11975.97, 1.15, 14.2, 11985.37, '', '', '2022-09-15 10:52:09', 'O5-79-5JHPMS', '2022-09-15 10:51:54', 1, 0, 'US NDAQ 100 - Cash', b'1'),
	(770, 12531.46, 1.15, -7.16, 12536.21, '', '', '2022-09-09 11:18:39', 'O5-78-5J5KT3', '2022-09-09 11:18:18', 0, 0, 'US NDAQ 100 - Cash', b'0'),
	(771, 0, 0, 244.37, 0, '', '', '2022-09-16 10:47:03', '1118558024', '2022-09-16 10:47:03', 2, 0, NULL, b'0'),
	(772, 12014.58, 1.15, -13.86, 12023.67, '', '', '2022-09-15 10:49:14', 'O5-79-5JHNJJ', '2022-09-15 10:48:44', 0, 0, 'US NDAQ 100 - Cash', b'1'),
	(773, 11764.26, 1.15, -12.2, 11772.21, '', '', '2022-09-16 10:48:57', 'O5-79-5JLKXR', '2022-09-16 10:48:05', 0, 0, 'US NDAQ 100 - Cash', b'0'),
	(774, 12039.24, 1.15, -16.48, 12028.43, '', '', '2022-09-15 10:36:06', 'O5-79-5JHLEZ', '2022-09-15 10:33:55', 1, 0, 'US NDAQ 100 - Cash', b'1'),
	(775, 12117.96, 1, -13, 12127.78, '', '', '2022-09-15 10:03:35', 'O5-79-5JHEXV', '2022-09-15 10:02:26', 0, 0, 'US NDAQ 100 - Cash', b'1'),
	(776, 11965, 1.15, -5.25, 11968.44, '', '', '2022-09-15 10:53:23', 'O5-79-5JHPVL', '2022-09-15 10:52:49', 0, 0, 'US NDAQ 100 - Cash', b'1'),
	(777, 11890.13, 1.15, 24.31, 11874.13, '', '', '2022-09-19 10:41:42', 'O5-79-5JNZ83', '2022-09-19 10:39:16', 0, 0, 'US NDAQ 100 - Cash', b'1'),
	(778, 11865.03, 1.3, 6.77, 11861.11, '', '', '2022-09-20 10:48:26', 'O5-79-5JRCWP', '2022-09-20 10:44:54', 0, 0, 'US NDAQ 100 - Cash', b'1'),
	(779, 11868.88, 1.15, 2.1, 11867.5, '', '', '2022-09-19 10:38:11', 'O5-79-5JNYZZ', '2022-09-19 10:37:28', 0, 0, 'US NDAQ 100 - Cash', b'1'),
	(780, 11865.03, 1.3, 11.37, 11858.44, '', '', '2022-09-20 10:48:26', 'O5-79-5JRD1B', '2022-09-20 10:46:29', 0, 0, 'US NDAQ 100 - Cash', b'1'),
	(781, 11891.24, 1.3, 18.89, 11880.29, '', '', '2022-09-20 11:00:30', 'O5-79-5JRE7D', '2022-09-20 10:55:35', 0, 0, 'US NDAQ 100 - Cash', b'1'),
	(782, 11879.07, 1.3, 3.24, 11880.95, '', '', '2022-09-20 11:02:36', 'O5-79-5JREXG', '2022-09-20 11:02:33', 1, 0, 'US NDAQ 100 - Cash', b'1'),
	(783, 11879.21, 0.5, 1.98, 11876.23, '', '', '2022-09-20 10:54:56', 'O5-79-5JRDJ5', '2022-09-20 10:50:45', 0, 0, 'US NDAQ 100 - Cash', b'1'),
	(784, 11875.93, 1.15, 1.98, 11874.63, '', '', '2022-09-19 11:04:34', 'O5-79-5JP2PJ', '2022-09-19 11:03:59', 0, 0, 'US NDAQ 100 - Cash', b'1'),
	(785, 11860.36, 1.25, -22.86, 11846.72, '', '', '2022-09-20 10:20:50', 'O5-79-5JR8K8', '2022-09-20 10:18:02', 1, 0, 'US NDAQ 100 - Cash', b'1'),
	(786, 11845.76, 1.12, -20.77, 11859.63, '', '', '2022-09-19 10:16:39', 'O5-79-5JNVN7', '2022-09-19 10:13:53', 0, 0, 'US NDAQ 100 - Cash', b'1'),
	(787, 11899.17, 1.15, 24.75, 11882.88, '', '', '2022-09-19 11:18:09', 'O5-79-5JP3WD', '2022-09-19 11:15:35', 0, 0, 'US NDAQ 100 - Cash', b'1'),
	(788, 11855.41, 1.15, -18.5, 11843.38, '', '', '2022-09-19 10:13:29', 'O5-79-5JNVF4', '2022-09-19 10:13:09', 1, 0, 'US NDAQ 100 - Cash', b'1'),
	(789, 11815.15, 1.15, 0.99, 11814.5, '', '', '2022-09-19 10:05:04', 'O5-79-5JNSXG', '2022-09-19 10:03:06', 0, 0, 'US NDAQ 100 - Cash', b'1'),
	(790, 11861.5, 1.3, -49.19, 11833.3, '', '', '2022-09-20 10:41:35', 'O5-79-5JRC45', '2022-09-20 10:38:47', 1, 0, 'US NDAQ 100 - Cash', b'0'),
	(791, 11837.54, 1.25, 0.46, 11837.82, '', '', '2022-09-20 10:16:27', 'O5-79-5JR81V', '2022-09-20 10:14:39', 1, 0, 'US NDAQ 100 - Cash', b'1'),
	(792, 11841.65, 1.2, 12.09, 11834.06, '', '', '2022-09-20 09:54:20', 'O5-79-5JR4NX', '2022-09-20 09:53:18', 0, 0, 'US NDAQ 100 - Cash', b'1'),
	(793, 11864.13, 1.2, -36.26, 11841.59, '', '', '2022-09-20 10:05:39', 'O5-79-5JR61W', '2022-09-20 10:02:04', 1, 0, 'US NDAQ 100 - Cash', b'1'),
	(794, 11878.4, 1.15, 2.69, 11880.17, '', '', '2022-09-19 11:05:25', 'O5-79-5JP2V5', '2022-09-19 11:05:18', 1, 0, 'US NDAQ 100 - Cash', b'1'),
	(795, 11824.2, 1.3, 39.44, 11847.04, '', '', '2022-09-20 10:37:05', 'O5-79-5JR998', '2022-09-20 10:22:42', 1, 0, 'US NDAQ 100 - Cash', b'1'),
	(796, 11872.92, 1.15, -7.41, 11877.75, '', '', '2022-09-19 11:15:26', 'O5-79-5JP3T6', '2022-09-19 11:15:04', 0, 0, 'US NDAQ 100 - Cash', b'1'),
	(797, 11844.91, 1.2, -11.37, 11851.98, '', '', '2022-09-20 10:01:43', 'O5-79-5JR5YW', '2022-09-20 10:01:38', 0, 0, 'US NDAQ 100 - Cash', b'1'),
	(798, 11832, 1.15, -12.29, 11840, '', '', '2022-09-19 10:30:08', 'O5-79-5JNXRB', '2022-09-19 10:28:53', 0, 0, 'US NDAQ 100 - Cash', b'1'),
	(799, 11881.75, 0.8, 5.86, 11876.23, '', '', '2022-09-20 10:55:08', 'O5-79-5JRDFR', '2022-09-20 10:50:27', 0, 0, 'US NDAQ 100 - Cash', b'1'),
	(800, 0, 0, 65.56, 0, '', '', '2022-09-20 11:39:20', '1119519063', '2022-09-20 11:39:20', 2, 0, NULL, b'0'),
	(801, 11843.37, 1.2, -32.66, 11863.68, '', '', '2022-09-20 10:11:46', 'O5-79-5JR6TD', '2022-09-20 10:06:50', 0, 0, 'US NDAQ 100 - Cash', b'1'),
	(802, 11825.23, 1.3, 75.28, 11868.82, '', '', '2022-09-20 10:37:17', 'O5-79-5JR9VC', '2022-09-20 10:28:11', 1, 0, 'US NDAQ 100 - Cash', b'1'),
	(803, 11859.25, 1.2, 3.77, 11856.88, '', '', '2022-09-20 09:58:02', 'O5-79-5JR55G', '2022-09-20 09:56:05', 0, 0, 'US NDAQ 100 - Cash', b'1'),
	(804, 11889.72, 1.3, -29.66, 11906.73, '', '', '2022-09-20 11:39:11', 'O5-79-5JRG0M', '2022-09-20 11:12:47', 0, 0, 'US NDAQ 100 - Cash', b'0'),
	(805, 11826.68, 1.15, -12.2, 11818.75, '', '', '2022-09-19 10:11:54', 'O5-79-5JNV68', '2022-09-19 10:11:37', 1, 0, 'US NDAQ 100 - Cash', b'1'),
	(806, 11900.63, 1.3, -11.15, 11907.03, '', '', '2022-09-20 11:11:14', 'O5-79-5JRFSF', '2022-09-20 11:10:19', 0, 0, 'US NDAQ 100 - Cash', b'0'),
	(807, 11887.25, 1.15, 18.99, 11874.75, '', '', '2022-09-19 11:12:39', 'O5-79-5JP3HK', '2022-09-19 11:11:37', 0, 0, 'US NDAQ 100 - Cash', b'1'),
	(808, 0, 0, 49.19, 0, '', '', '2022-09-20 10:41:44', '1119501058', '2022-09-20 10:41:44', 2, 0, NULL, b'0'),
	(809, 11871.77, 0.8, -5.33, 11866.8, '', '', '2022-09-20 10:50:14', 'O5-79-5JRDCS', '2022-09-20 10:49:54', 1, 0, 'US NDAQ 100 - Cash', b'1'),
	(810, 11817.95, 1.15, -8.68, 11812.3, '', '', '2022-09-19 10:24:00', 'O5-79-5JNX2K', '2022-09-19 10:23:41', 1, 0, 'US NDAQ 100 - Cash', b'1'),
	(811, 11838.33, 1.15, -11.43, 11845.75, '', '', '2022-09-20 09:50:44', 'O5-79-5JR43L', '2022-09-20 09:50:06', 0, 0, 'US NDAQ 100 - Cash', b'1'),
	(812, 0, 0, 11.15, 0, '', '', '2022-09-20 11:11:32', '1119511894', '2022-09-20 11:11:32', 2, 0, NULL, b'0'),
	(813, 11886.05, 1.15, 1.97, 11884.75, '', '', '2022-09-19 11:10:40', 'O5-79-5JP37Q', '2022-09-19 11:09:24', 0, 0, 'US NDAQ 100 - Cash', b'1'),
	(814, 11893.24, 1.3, 15.72, 11884.13, '', '', '2022-09-20 11:06:39', 'O5-79-5JRF2X', '2022-09-20 11:04:25', 0, 0, 'US NDAQ 100 - Cash', b'1'),
	(815, 11826.28, 1.15, -7.78, 11821.22, '', '', '2022-09-19 10:25:00', 'O5-79-5JNX6H', '2022-09-19 10:24:23', 1, 0, 'US NDAQ 100 - Cash', b'1'),
	(816, 11889.72, 1.3, -35.9, 11910.31, '', '', '2022-09-20 11:39:11', 'O5-79-5JRFXY', '2022-09-20 11:11:42', 0, 0, 'US NDAQ 100 - Cash', b'0'),
	(817, 11820.5, 1.15, 33.27, 11842.35, '', '', '2022-09-19 10:19:32', 'O5-79-5JNW4Z', '2022-09-19 10:16:49', 1, 0, 'US NDAQ 100 - Cash', b'1'),
	(818, 11887.9, 1.15, 0.99, 11887.25, '', '', '2022-09-19 11:09:11', 'O5-79-5JP34E', '2022-09-19 11:08:14', 0, 0, 'US NDAQ 100 - Cash', b'1'),
	(819, 11816.35, 1.15, 0.99, 11817, '', '', '2022-09-19 10:21:18', 'O5-79-5JNWMN', '2022-09-19 10:20:24', 1, 0, 'US NDAQ 100 - Cash', b'1'),
	(820, 11844.79, 1.25, -20.06, 11856.76, '', '', '2022-09-20 10:22:28', 'O5-79-5JR927', '2022-09-20 10:21:02', 0, 0, 'US NDAQ 100 - Cash', b'1'),
	(821, 11846.78, 1.15, -7.26, 11851.5, '', '', '2022-09-19 09:56:24', 'O5-79-5JNRL5', '2022-09-19 09:55:26', 0, 0, 'US NDAQ 100 - Cash', b'1'),
	(822, 11833.06, 1.15, -12.78, 11824.75, '', '', '2022-09-19 10:12:45', 'O5-79-5JNV82', '2022-09-19 10:12:01', 1, 0, 'US NDAQ 100 - Cash', b'1'),
	(823, 11830.69, 1.15, -12, 11838.5, '', '', '2022-09-19 10:31:14', 'O5-79-5JNXY0', '2022-09-19 10:30:22', 0, 0, 'US NDAQ 100 - Cash', b'1'),
	(824, 11883.92, 1.15, 10.7, 11876.88, '', '', '2022-09-19 10:52:49', 'O5-79-5JP154', '2022-09-19 10:51:10', 0, 0, 'US NDAQ 100 - Cash', b'1'),
	(825, 11858.21, 1.2, -13.8, 11866.79, '', '', '2022-09-20 09:55:52', 'O5-79-5JR536', '2022-09-20 09:55:45', 0, 0, 'US NDAQ 100 - Cash', b'1'),
	(826, 11863.38, 1.15, 55.78, 11826.68, '', '', '2022-09-19 10:37:05', 'O5-79-5JNY60', '2022-09-19 10:31:54', 0, 0, 'US NDAQ 100 - Cash', b'1'),
	(827, 11874.63, 1.15, -20.27, 11887.84, '', '', '2022-09-19 11:11:14', 'O5-79-5JP3DZ', '2022-09-19 11:10:46', 0, 0, 'US NDAQ 100 - Cash', b'1'),
	(828, 11908.69, 1.3, 2.59, 11907.19, '', '', '2022-09-20 11:09:38', 'O5-79-5JRFM0', '2022-09-20 11:08:51', 0, 0, 'US NDAQ 100 - Cash', b'0'),
	(829, 11413.38, 0.5, -8.09, 11425.14, '', '', '2022-09-27 09:57:27', 'O5-79-5K7T4H', '2022-09-27 09:56:10', 0, 0, 'US NDAQ 100 - Cash', b'1'),
	(830, 11413.4, 1.4, 35.05, 11431.85, '', '', '2022-09-26 10:09:52', 'O5-79-5K4YL5', '2022-09-26 10:07:23', 1, 0, 'US NDAQ 100 - Cash', b'1'),
	(831, 11432.53, 1.2, -15.12, 11423.34, '', '', '2022-09-26 10:06:04', 'O5-79-5K4Y7C', '2022-09-26 10:05:09', 1, 0, 'US NDAQ 100 - Cash', b'1'),
	(832, 11336.05, 1.4, -10.81, 11341.71, '', '', '2022-09-23 11:10:07', 'O5-79-5K1S4C', '2022-09-23 11:09:57', 0, 0, 'US NDAQ 100 - Cash', b'0'),
	(833, 11311.17, 1.2, -9.57, 11317.01, '', '', '2022-09-23 10:52:37', 'O5-79-5K1PJV', '2022-09-23 10:52:20', 0, 0, 'US NDAQ 100 - Cash', b'0'),
	(834, 11456.65, 0.5, 9.76, 11471.02, '', '', '2022-09-26 10:25:42', 'O5-79-5K519G', '2022-09-26 10:20:57', 1, 0, 'US NDAQ 100 - Cash', b'1'),
	(835, 11534.01, 0.5, 9.9, 11519.25, '', '', '2022-09-22 10:38:46', 'O5-79-5JYLLC', '2022-09-22 10:37:17', 0, 0, 'US NDAQ 100 - Cash', b'1'),
	(836, 11301.14, 1.4, -52.77, 11328.77, '', '', '2022-09-23 11:44:14', 'O5-79-5K1TX5', '2022-09-23 11:28:32', 0, 0, 'US NDAQ 100 - Cash', b'0'),
	(837, 11399.85, 1, 10.84, 11407.8, '', '', '2022-09-27 10:23:21', 'O5-79-5K7Z51', '2022-09-27 10:23:01', 1, 0, 'US NDAQ 100 - Cash', b'1'),
	(838, 11872.4, 1.3, 34.64, 11892.38, '', '', '2022-09-21 10:48:52', 'O5-79-5JTS12', '2022-09-21 10:45:41', 1, 0, 'US NDAQ 100 - Cash', b'1'),
	(839, 11327.57, 0.8, -11.06, 11337.72, '', '', '2022-09-23 10:30:45', 'O5-79-5K1LKJ', '2022-09-23 10:30:15', 0, 0, 'US NDAQ 100 - Cash', b'0'),
	(840, 11889.99, 1.3, -13.78, 11897.87, '', '', '2022-09-21 10:18:50', 'O5-79-5JTP6W', '2022-09-21 10:18:12', 0, 0, 'US NDAQ 100 - Cash', b'1'),
	(841, 11308.21, 1.4, -63.02, 11341.18, '', '', '2022-09-23 11:00:43', 'O5-79-5K1Q0M', '2022-09-23 10:54:47', 0, 0, 'US NDAQ 100 - Cash', b'0'),
	(842, 0, 0, 20, 0, '', '', '2022-09-23 11:03:57', '1121182592', '2022-09-23 11:03:57', 2, 0, NULL, b'0'),
	(843, 11890.6, 0.8, 0.19, 11890.78, '', '', '2022-09-21 10:53:02', 'O5-79-5JTSQL', '2022-09-21 10:52:55', 1, 0, 'US NDAQ 100 - Cash', b'1'),
	(844, 11446.04, 0.4, 6.09, 11457.24, '', '', '2022-09-26 10:31:44', 'O5-79-5K52HD', '2022-09-26 10:29:30', 1, 0, 'US NDAQ 100 - Cash', b'1'),
	(845, 11327.93, 1.2, 22.93, 11313.78, '', '', '2022-09-23 10:47:33', 'O5-79-5K1MYV', '2022-09-23 10:39:45', 0, 0, 'US NDAQ 100 - Cash', b'0'),
	(846, 11927.51, 1.3, -4.88, 11924.72, '', '', '2022-09-21 10:30:03', 'O5-79-5JTQ8S', '2022-09-21 10:29:11', 1, 0, 'US NDAQ 100 - Cash', b'1'),
	(847, 11431.38, 0.4, 15.81, 11402.29, '', '', '2022-09-26 10:13:53', 'O5-79-5K4ZG3', '2022-09-26 10:12:12', 0, 0, 'US NDAQ 100 - Cash', b'1'),
	(848, 11322.07, 1.2, -10.59, 11328.55, '', '', '2022-09-23 10:33:50', 'O5-79-5K1M1D', '2022-09-23 10:33:33', 0, 0, 'US NDAQ 100 - Cash', b'0'),
	(849, 11429.57, 0.5, -10.25, 11414.6, '', '', '2022-09-26 09:59:38', 'O5-79-5K4WDR', '2022-09-26 09:53:54', 1, 0, 'US NDAQ 100 - Cash', b'1'),
	(850, 11902.49, 1.3, -10.69, 11896.38, '', '', '2022-09-21 10:20:59', 'O5-79-5JTPD7', '2022-09-21 10:20:06', 1, 0, 'US NDAQ 100 - Cash', b'1'),
	(851, 11871.38, 1.3, 20.11, 11882.98, '', '', '2022-09-21 11:03:52', 'O5-79-5JTT7E', '2022-09-21 10:59:44', 1, 0, 'US NDAQ 100 - Cash', b'1'),
	(852, 11459.24, 1.4, 28.14, 11474.04, '', '', '2022-09-26 10:17:36', 'O5-79-5K50HZ', '2022-09-26 10:16:57', 1, 0, 'US NDAQ 100 - Cash', b'1'),
	(853, 0, 0, 90.03, 0, '', '', '2022-09-23 11:45:09', '1121198279', '2022-09-23 11:45:09', 2, 0, NULL, b'0'),
	(854, 11333.22, 1.4, 28.64, 11348.37, '', '', '2022-09-23 11:08:30', 'O5-79-5K1RSZ', '2022-09-23 11:07:48', 1, 0, 'US NDAQ 100 - Cash', b'0'),
	(855, 11898.49, 0.6, -4.28, 11893.19, '', '', '2022-09-21 10:52:16', 'O5-79-5JTSK2', '2022-09-21 10:50:44', 1, 0, 'US NDAQ 100 - Cash', b'1'),
	(856, 11413, 0.5, -8.51, 11425.36, '', '', '2022-09-27 10:00:22', 'O5-79-5K7TJP', '2022-09-27 09:59:19', 0, 0, 'US NDAQ 100 - Cash', b'1'),
	(857, 0, 0, 43.02, 0, '', '', '2022-09-23 11:01:23', '1121181658', '2022-09-23 11:01:23', 2, 0, NULL, b'0'),
	(858, 11390.92, 0.35, -8.01, 11374.33, '', '', '2022-09-27 10:15:07', 'O5-79-5K7XNN', '2022-09-27 10:12:25', 1, 0, 'US NDAQ 100 - Cash', b'1'),
	(859, 11526.38, 1.3, -16.97, 11516.75, '', '', '2022-09-22 10:20:24', 'O5-79-5JYJ0J', '2022-09-22 10:20:09', 1, 0, 'US NDAQ 100 - Cash', b'1'),
	(860, 11470.27, 0.5, -14.19, 11449.58, '', '', '2022-09-26 10:16:48', 'O5-79-5K5058', '2022-09-26 10:15:31', 1, 0, 'US NDAQ 100 - Cash', b'1'),
	(861, 11904.71, 1.3, -8.56, 11899.82, '', '', '2022-09-21 10:24:00', 'O5-79-5JTPHN', '2022-09-21 10:21:31', 1, 0, 'US NDAQ 100 - Cash', b'1'),
	(862, 11314.57, 1.4, -54.23, 11342.95, '', '', '2022-09-23 11:15:02', 'O5-79-5K1S5M', '2022-09-23 11:10:13', 0, 0, 'US NDAQ 100 - Cash', b'0'),
	(863, 11317.64, 1.4, -24.68, 11304.72, '', '', '2022-09-23 11:05:21', 'O5-79-5K1QVS', '2022-09-23 11:00:54', 1, 0, 'US NDAQ 100 - Cash', b'0'),
	(864, 11917.45, 1.3, -11.57, 11910.84, '', '', '2022-09-21 10:29:01', 'O5-79-5JTQ60', '2022-09-21 10:28:31', 1, 0, 'US NDAQ 100 - Cash', b'1'),
	(865, 11873.26, 1.3, 34.64, 11893.24, '', '', '2022-09-21 10:48:52', 'O5-79-5JTRMB', '2022-09-21 10:41:18', 1, 0, 'US NDAQ 100 - Cash', b'1'),
	(866, 11340.57, 1.4, -26.02, 11326.95, '', '', '2022-09-23 11:21:34', 'O5-79-5K1SSF', '2022-09-23 11:17:34', 1, 0, 'US NDAQ 100 - Cash', b'0'),
	(867, 11307.47, 1.2, 6.73, 11311.63, '', '', '2022-09-23 10:39:18', 'O5-79-5K1MC5', '2022-09-23 10:35:31', 1, 0, 'US NDAQ 100 - Cash', b'0'),
	(868, 11505.25, 1.2, 36.05, 11527.63, '', '', '2022-09-22 10:23:34', 'O5-79-5JYJ6B', '2022-09-22 10:21:32', 1, 0, 'US NDAQ 100 - Cash', b'1'),
	(869, 0, 0, 190.76, 0, '', '', '2022-09-23 11:44:24', '1121197679', '2022-09-23 11:44:24', 2, 0, NULL, b'0'),
	(870, 11892.59, 1.3, 13.5, 11900.38, '', '', '2022-09-21 10:35:38', 'O5-79-5JTQSD', '2022-09-21 10:32:40', 1, 0, 'US NDAQ 100 - Cash', b'1'),
	(871, 11376.1, 1.4, 10.55, 11370.58, '', '', '2022-09-27 10:02:58', 'O5-79-5K7VG3', '2022-09-27 10:02:39', 0, 0, 'US NDAQ 100 - Cash', b'1'),
	(872, 11912.8, 1.3, -21.85, 11925.29, '', '', '2022-09-21 10:30:41', 'O5-79-5JTQFR', '2022-09-21 10:30:19', 0, 0, 'US NDAQ 100 - Cash', b'1'),
	(873, 11536.01, 0.5, -5.93, 11527.25, '', '', '2022-09-22 10:30:05', 'O5-79-5JYKDV', '2022-09-22 10:29:49', 1, 0, 'US NDAQ 100 - Cash', b'1'),
	(874, 11898.23, 1.3, -18.82, 11908.98, '', '', '2022-09-21 10:31:36', 'O5-79-5JTQK5', '2022-09-21 10:30:51', 0, 0, 'US NDAQ 100 - Cash', b'1'),
	(875, 11301.14, 1.4, -78.86, 11342.43, '', '', '2022-09-23 11:44:14', 'O5-79-5K1T57', '2022-09-23 11:21:44', 0, 0, 'US NDAQ 100 - Cash', b'0'),
	(876, 11898.98, 0.6, -5, 11892.79, '', '', '2022-09-21 10:52:28', 'O5-79-5JTSP2', '2022-09-21 10:52:05', 1, 0, 'US NDAQ 100 - Cash', b'1'),
	(877, 11887.12, 1.3, -6.65, 11883.32, '', '', '2022-09-21 10:54:22', 'O5-79-5JTSSS', '2022-09-21 10:53:32', 1, 0, 'US NDAQ 100 - Cash', b'1'),
	(878, 11362.48, 1.4, 19.64, 11352.21, '', '', '2022-09-27 10:03:49', 'O5-79-5K7VT2', '2022-09-27 10:03:41', 0, 0, 'US NDAQ 100 - Cash', b'1'),
	(879, 11893.23, 1.3, -3.89, 11895.45, '', '', '2022-09-21 10:41:08', 'O5-79-5JTR4R', '2022-09-21 10:35:56', 0, 0, 'US NDAQ 100 - Cash', b'1'),
	(880, 11880.19, 1.3, -11.71, 11886.88, '', '', '2022-09-21 10:57:05', 'O5-79-5JTT0H', '2022-09-21 10:56:45', 0, 0, 'US NDAQ 100 - Cash', b'1'),
	(881, 11381.2, 0.5, 21.17, 11412.24, '', '', '2022-09-27 10:28:24', 'O5-79-5K7ZH6', '2022-09-27 10:25:24', 1, 0, 'US NDAQ 100 - Cash', b'1'),
	(882, 11524.51, 0.5, 11.83, 11506.88, '', '', '2022-09-22 10:31:59', 'O5-79-5JYKN9', '2022-09-22 10:31:17', 0, 0, 'US NDAQ 100 - Cash', b'1'),
	(883, 11871.38, 1.3, 36.8, 11892.61, '', '', '2022-09-21 11:03:52', 'O5-79-5JTTF5', '2022-09-21 11:02:08', 1, 0, 'US NDAQ 100 - Cash', b'1'),
	(884, 11890.16, 1.3, -8.58, 11885.26, '', '', '2022-09-21 10:50:12', 'O5-79-5JTRVD', '2022-09-21 10:43:31', 1, 0, 'US NDAQ 100 - Cash', b'1'),
	(885, 11339.9, 1.2, -9.4, 11345.64, '', '', '2022-09-23 10:54:40', 'O5-79-5K1PZC', '2022-09-23 10:54:34', 0, 0, 'US NDAQ 100 - Cash', b'0'),
	(886, 11869.52, 1.3, 25.83, 11884.42, '', '', '2022-09-21 11:03:51', 'O5-79-5JTT28', '2022-09-21 10:57:26', 1, 0, 'US NDAQ 100 - Cash', b'1'),
	(887, 11301.14, 1.4, -33.84, 11318.86, '', '', '2022-09-23 11:44:14', 'O5-79-5K1VS3', '2022-09-23 11:37:56', 0, 0, 'US NDAQ 100 - Cash', b'0'),
	(888, 11340.57, 0.8, -12.76, 11328.85, '', '', '2022-09-23 10:29:20', 'O5-79-5K1L5Y', '2022-09-23 10:27:53', 1, 0, 'US NDAQ 100 - Cash', b'0'),
	(889, 11391.24, 0.5, -7.81, 11379.92, '', '', '2022-09-27 10:18:08', 'O5-79-5K7YFC', '2022-09-27 10:17:56', 1, 0, 'US NDAQ 100 - Cash', b'1'),
	(890, 11429.25, 0.5, -10, 11414.65, '', '', '2022-09-26 09:59:31', 'O5-79-5K4WT2', '2022-09-26 09:56:53', 1, 0, 'US NDAQ 100 - Cash', b'1'),
	(891, 11385.99, 0.8, 5.82, 11391.32, '', '', '2022-09-27 10:21:26', 'O5-79-5K7YNJ', '2022-09-27 10:19:26', 1, 0, 'US NDAQ 100 - Cash', b'1'),
	(892, 11330.19, 1.4, 20.79, 11319.2, '', '', '2022-09-23 11:17:27', 'O5-79-5K1SLE', '2022-09-23 11:15:10', 0, 0, 'US NDAQ 100 - Cash', b'0'),
	(893, 11372.69, 0.5, -7.49, 11383.56, '', '', '2022-09-27 10:02:13', 'O5-79-5K7V7S', '2022-09-27 10:01:54', 0, 0, 'US NDAQ 100 - Cash', b'1'),
	(894, 11301.14, 1.4, -25.29, 11314.38, '', '', '2022-09-23 11:44:14', 'O5-79-5K1V1B', '2022-09-23 11:29:34', 0, 0, 'US NDAQ 100 - Cash', b'0'),
	(895, 11367.02, 0.5, 2.38, 11370.5, '', '', '2022-09-27 10:08:22', 'O5-79-5K7W1J', '2022-09-27 10:04:22', 1, 0, 'US NDAQ 100 - Cash', b'1'),
	(896, 11445.27, 1.4, -12.63, 11438.69, '', '', '2022-09-26 10:06:43', 'O5-79-5K4YG9', '2022-09-26 10:06:40', 1, 0, 'US NDAQ 100 - Cash', b'1'),
	(897, 11884.9, 1.3, 6.6, 11888.71, '', '', '2022-09-21 10:56:10', 'O5-79-5JTSXR', '2022-09-21 10:55:08', 1, 0, 'US NDAQ 100 - Cash', b'1'),
	(898, 11893.23, 1.3, 4.51, 11890.63, '', '', '2022-09-21 10:41:08', 'O5-79-5JTR62', '2022-09-21 10:36:22', 0, 0, 'US NDAQ 100 - Cash', b'1'),
	(899, 11247.99, 0.5, 20.1, 11277.54, '', '', '2022-09-28 09:54:59', 'O5-79-5KCJE8', '2022-09-28 09:52:35', 1, 0, 'US NDAQ 100 - Cash', b'1'),
	(900, 11175.62, 1, 21.9, 11159.55, '', '', '2022-09-30 10:03:44', 'O5-79-5KJVGW', '2022-09-30 10:00:36', 0, 0, 'US NDAQ 100 - Cash', b'1'),
	(901, 11192.08, 1.4, 16.4, 11200.67, '', '', '2022-09-30 09:58:33', 'O5-79-5KJTVH', '2022-09-30 09:57:33', 1, 0, 'US NDAQ 100 - Cash', b'1'),
	(902, 11161.07, 1.4, -41.27, 11139.71, '', '', '2022-09-29 10:05:06', 'O5-79-5KFVMZ', '2022-09-29 10:03:47', 1, 0, 'US NDAQ 100 - Cash', b'0'),
	(903, 11182.72, 1, 18.54, 11169.12, '', '', '2022-09-30 10:07:05', 'O5-79-5KJWJ3', '2022-09-30 10:06:50', 0, 0, 'US NDAQ 100 - Cash', b'1'),
	(904, 11157.92, 0.5, -7.32, 11168.53, '', '', '2022-09-29 10:02:29', 'O5-79-5KFV7L', '2022-09-29 10:02:18', 0, 0, 'US NDAQ 100 - Cash', b'0'),
	(905, 11102.64, 1, -13.49, 11112.41, '', '', '2022-09-29 10:16:02', 'O5-79-5KFXXH', '2022-09-29 10:14:56', 0, 0, 'US NDAQ 100 - Cash', b'1'),
	(906, 11289.95, 0.5, 26.86, 11250.45, '', '', '2022-09-28 09:49:14', 'O5-79-5KCH00', '2022-09-28 09:46:59', 0, 0, 'US NDAQ 100 - Cash', b'1'),
	(907, 11134.35, 0.5, 1.48, 11132.18, '', '', '2022-09-29 10:28:46', 'O5-79-5KG0B8', '2022-09-29 10:26:35', 0, 0, 'US NDAQ 100 - Cash', b'1'),
	(908, 11159.61, 0.6, 18.31, 11137.25, '', '', '2022-09-30 09:52:29', 'O5-79-5KJSLC', '2022-09-30 09:50:39', 0, 0, 'US NDAQ 100 - Cash', b'1'),
	(909, 11143.51, 1, -10.71, 11151.27, '', '', '2022-09-29 10:03:34', 'O5-79-5KFVET', '2022-09-29 10:02:59', 0, 0, 'US NDAQ 100 - Cash', b'0'),
	(910, 11249.81, 0.5, -4.89, 11242.71, '', '', '2022-09-28 09:41:13', 'O5-79-5KCELK', '2022-09-28 09:36:04', 1, 0, 'US NDAQ 100 - Cash', b'1'),
	(911, 11123.2, 0.6, 10.4, 11110.53, '', '', '2022-09-29 10:33:21', 'O5-79-5KG145', '2022-09-29 10:31:25', 0, 0, 'US NDAQ 100 - Cash', b'1'),
	(912, 11120.7, 0.6, -7.7, 11129.99, '', '', '2022-09-29 10:14:01', 'O5-79-5KFXHC', '2022-09-29 10:12:57', 0, 0, 'US NDAQ 100 - Cash', b'1'),
	(913, 11176.81, 0.5, 20.91, 11207.43, '', '', '2022-09-29 10:01:05', 'O5-79-5KFT1P', '2022-09-29 09:55:53', 1, 0, 'US NDAQ 100 - Cash', b'1'),
	(914, 11168.28, 1, -13.61, 11178.17, '', '', '2022-09-30 10:00:21', 'O5-79-5KJVDB', '2022-09-30 10:00:16', 0, 0, 'US NDAQ 100 - Cash', b'1'),
	(915, 11265.57, 0.2, -8.62, 11234.26, '', '', '2022-09-28 09:44:00', 'O5-79-5KCG0S', '2022-09-28 09:43:08', 1, 0, 'US NDAQ 100 - Cash', b'1'),
	(916, 0, 0, 59.3, 0, '', '', '2022-09-29 10:06:07', '1123505012', '2022-09-29 10:06:07', 2, 0, NULL, b'0'),
	(917, 11132.51, 0.6, -7.79, 11141.92, '', '', '2022-09-29 10:09:44', 'O5-79-5KFWP3', '2022-09-29 10:08:49', 0, 0, 'US NDAQ 100 - Cash', b'1'),
	(918, 11116.61, 1.4, 31.3, 11100.25, '', '', '2022-09-29 10:17:03', 'O5-79-5KFY98', '2022-09-29 10:16:16', 0, 0, 'US NDAQ 100 - Cash', b'1'),
	(919, 11196.51, 0.7, -10.44, 11185.69, '', '', '2022-09-30 09:56:02', 'O5-79-5KJTEL', '2022-09-30 09:55:06', 1, 0, 'US NDAQ 100 - Cash', b'1'),
	(920, 11135.25, 0.6, -7.59, 11144.42, '', '', '2022-09-30 09:50:18', 'O5-79-5KJSHM', '2022-09-30 09:50:09', 0, 0, 'US NDAQ 100 - Cash', b'1'),
	(921, 11166.25, 1.7, -136.13, 11224.43, '', '', '2022-10-07 09:58:58', 'O5-79-5KZJNB', '2022-10-07 09:46:46', 0, 0, 'US NDAQ 100 - Cash', b'0'),
	(922, 11573.64, 1.6, 1.6, 11572.9, '', '', '2022-10-04 11:43:28', 'O5-79-5KR2VW', '2022-10-04 11:42:37', 0, 0, 'US NDAQ 100 - Cash', b'0'),
	(923, 11582.15, 1.6, -34.21, 11566.45, '', '', '2022-10-04 12:01:12', 'O5-79-5KR3XX', '2022-10-04 11:55:42', 1, 0, 'US NDAQ 100 - Cash', b'0'),
	(924, 0, 0, 12.49, 0, '', '', '2022-10-03 13:26:44', '1124666025', '2022-10-03 13:26:44', 2, 0, NULL, b'0'),
	(925, 11211.21, 1.7, 22.29, 11201.58, '', '', '2022-10-07 10:23:05', 'O5-79-5KZRZE', '2022-10-07 10:20:05', 0, 0, 'US NDAQ 100 - Cash', b'1'),
	(926, 11096.56, 1.8, 42.94, 11114.11, '', '', '2022-10-03 10:14:02', 'O5-79-5KMT84', '2022-10-03 10:03:37', 1, 0, 'US NDAQ 100 - Cash', b'0'),
	(927, 11503.58, 1.7, -2.86, 11502.36, '', '', '2022-10-06 10:10:37', 'O5-79-5KX3K0', '2022-10-06 10:10:07', 1, 0, 'US NDAQ 100 - Cash', b'0'),
	(928, 11600.43, 1.7, -16.61, 11593.26, '', '', '2022-10-04 11:18:04', 'O5-79-5KR01K', '2022-10-04 11:15:14', 1, 0, 'US NDAQ 100 - Cash', b'0'),
	(929, 11493.68, 1.7, -39.88, 11510.69, '', '', '2022-10-06 10:08:55', 'O5-79-5KX2Y9', '2022-10-06 10:06:47', 0, 0, 'US NDAQ 100 - Cash', b'0'),
	(930, 11571.9, 1.7, 9.58, 11576.08, '', '', '2022-10-04 11:54:15', 'O5-79-5KR3PL', '2022-10-04 11:52:12', 1, 0, 'US NDAQ 100 - Cash', b'0'),
	(931, 11488.32, 0.8, -11.93, 11499.2, '', '', '2022-10-04 09:44:12', 'O5-79-5KQH3V', '2022-10-04 09:40:42', 0, 0, 'US NDAQ 100 - Cash', b'0'),
	(932, 11032.69, 0.8, -21, 11013.62, '', '', '2022-10-03 09:43:12', 'O5-79-5KMNXS', '2022-10-03 09:42:35', 1, 0, 'US NDAQ 100 - Cash', b'0'),
	(933, 0, 0, 136.13, 0, '', '', '2022-10-07 09:59:09', '1126727253', '2022-10-07 09:59:09', 2, 0, NULL, b'0'),
	(934, 11482.43, 1.7, -48.72, 11503.21, '', '', '2022-10-06 10:11:54', 'O5-79-5KX3NH', '2022-10-06 10:10:50', 0, 0, 'US NDAQ 100 - Cash', b'0'),
	(935, 11109.26, 1.7, -16.94, 11102.01, '', '', '2022-10-03 10:19:37', 'O5-79-5KMXCM', '2022-10-03 10:19:20', 1, 0, 'US NDAQ 100 - Cash', b'0'),
	(936, 11392.12, 1.7, 55.43, 11416.11, '', '', '2022-10-05 10:00:53', 'O5-79-5KTB6Y', '2022-10-05 09:55:00', 1, 0, 'US NDAQ 100 - Cash', b'1'),
	(937, 0, 0, 98.6, 0, '', '', '2022-10-03 13:26:19', '1124665922', '2022-10-03 13:26:19', 2, 0, NULL, b'0'),
	(938, 11162.56, 3.5, -97.47, 11142.27, '', '', '2022-10-03 10:37:49', 'O5-79-5KMYQN', '2022-10-03 10:26:50', 1, 0, 'US NDAQ 100 - Cash', b'0'),
	(939, 11108.46, 1.5, -58.35, 11080.16, '', '', '2022-10-03 10:03:21', 'O5-79-5KMSEG', '2022-10-03 10:01:01', 1, 0, 'US NDAQ 100 - Cash', b'0'),
	(940, 11429.22, 1.7, 13.7, 11435.16, '', '', '2022-10-05 09:53:47', 'O5-79-5KT9QY', '2022-10-05 09:51:43', 1, 0, 'US NDAQ 100 - Cash', b'1'),
	(941, 11145.57, 1, -12.49, 11136.46, '', '', '2022-10-03 12:06:10', 'O5-79-5KN9X7', '2022-10-03 12:04:49', 1, 0, 'US NDAQ 100 - Cash', b'0'),
	(942, 0, 0, 111.26, 0, '', '', '2022-10-06 10:13:05', '1126232712', '2022-10-06 10:13:05', 2, 0, NULL, b'0'),
	(943, 11162.56, 1.2, -46.3, 11134.45, '', '', '2022-10-03 10:37:49', 'O5-79-5KMYBT', '2022-10-03 10:24:58', 1, 0, 'US NDAQ 100 - Cash', b'0'),
	(944, 11585.69, 1.5, 16.51, 11593.84, '', '', '2022-10-04 11:10:15', 'O5-79-5KQZ8N', '2022-10-04 11:08:57', 1, 0, 'US NDAQ 100 - Cash', b'0'),
	(945, 11600.15, 1.6, -39.66, 11582.05, '', '', '2022-10-04 10:12:26', 'O5-79-5KQQ75', '2022-10-04 10:10:50', 1, 0, 'US NDAQ 100 - Cash', b'0'),
	(946, 11162.56, 1.5, -99.24, 11114.36, '', '', '2022-10-03 10:37:49', 'O5-79-5KMY6K', '2022-10-03 10:24:16', 1, 0, 'US NDAQ 100 - Cash', b'0'),
	(947, 11573.91, 1.6, -55.65, 11548.52, '', '', '2022-10-04 10:00:37', 'O5-79-5KQLZC', '2022-10-04 09:59:20', 1, 0, 'US NDAQ 100 - Cash', b'0'),
	(948, 11096.56, 1.8, 43.46, 11114.32, '', '', '2022-10-03 10:14:02', 'O5-79-5KMV51', '2022-10-03 10:07:28', 1, 0, 'US NDAQ 100 - Cash', b'0'),
	(949, 0, 0, 181.87, 0, '', '', '2022-10-04 10:12:54', '1125153755', '2022-10-04 10:12:54', 2, 0, NULL, b'0'),
	(950, 11591.92, 1.6, 2.81, 11593.22, '', '', '2022-10-04 11:02:23', 'O5-79-5KQX8J', '2022-10-04 10:53:25', 1, 0, 'US NDAQ 100 - Cash', b'0'),
	(951, 11521.54, 1.6, 7.43, 11518.12, '', '', '2022-10-04 09:56:40', 'O5-79-5KQL8S', '2022-10-04 09:55:20', 0, 0, 'US NDAQ 100 - Cash', b'0'),
	(952, 11098.74, 3.5, -2.6, 11099.28, '', '', '2022-10-03 10:16:47', 'O5-79-5KMWK9', '2022-10-03 10:14:21', 0, 0, 'US NDAQ 100 - Cash', b'0'),
	(953, 11190.28, 0.9, -14.52, 11178.57, '', '', '2022-10-07 10:11:44', 'O5-79-5KZQDD', '2022-10-07 10:10:37', 1, 0, 'US NDAQ 100 - Cash', b'1'),
	(954, 11220.78, 1.2, -16.64, 11230.85, '', '', '2022-10-07 09:46:38', 'O5-79-5KZJK2', '2022-10-07 09:46:27', 0, 0, 'US NDAQ 100 - Cash', b'1'),
	(955, 11019.9, 0.4, -10.43, 11038.82, '', '', '2022-10-03 09:59:27', 'O5-79-5KMQSK', '2022-10-03 09:53:00', 0, 0, 'US NDAQ 100 - Cash', b'0'),
	(956, 11577.35, 1.2, 6.08, 11573.63, '', '', '2022-10-06 09:59:40', 'O5-79-5KX1BZ', '2022-10-06 09:59:34', 0, 0, 'US NDAQ 100 - Cash', b'1'),
	(957, 11540.32, 1.8, -92.07, 11577.88, '', '', '2022-10-04 12:47:32', 'O5-79-5KR78F', '2022-10-04 12:38:29', 0, 0, 'US NDAQ 100 - Cash', b'0'),
	(958, 11098.74, 3.5, 53.64, 11087.47, '', '', '2022-10-03 10:16:47', 'O5-79-5KMWS0', '2022-10-03 10:15:35', 0, 0, 'US NDAQ 100 - Cash', b'0'),
	(959, 11447.86, 1.2, -12.79, 11440.08, '', '', '2022-10-05 09:51:05', 'O5-79-5KT91T', '2022-10-05 09:48:25', 1, 0, 'US NDAQ 100 - Cash', b'1'),
	(960, 11585.2, 1.8, -12.48, 11580.14, '', '', '2022-10-04 10:02:19', 'O5-79-5KQMFS', '2022-10-04 10:00:46', 1, 0, 'US NDAQ 100 - Cash', b'0'),
	(961, 11527.59, 1.6, -16.67, 11519.99, '', '', '2022-10-04 09:49:23', 'O5-79-5KQJYF', '2022-10-04 09:48:41', 1, 0, 'US NDAQ 100 - Cash', b'0'),
	(962, 11192.83, 1.5, -98.6, 11144.92, '', '', '2022-10-03 13:25:19', 'O5-79-5KNB1E', '2022-10-03 12:06:55', 1, 0, 'US NDAQ 100 - Cash', b'0'),
	(963, 11186.74, 1.7, 19.27, 11178.42, '', '', '2022-10-07 10:16:16', 'O5-79-5KZR1B', '2022-10-07 10:15:06', 0, 0, 'US NDAQ 100 - Cash', b'1'),
	(964, 11518.93, 1.6, 26.87, 11531.3, '', '', '2022-10-04 09:54:00', 'O5-79-5KQKQ8', '2022-10-04 09:52:41', 1, 0, 'US NDAQ 100 - Cash', b'0'),
	(965, 11594.99, 0.8, -7.65, 11587.99, '', '', '2022-10-04 10:53:09', 'O5-79-5KQWTL', '2022-10-04 10:51:06', 1, 0, 'US NDAQ 100 - Cash', b'0'),
	(966, 11014.78, 0.8, -10.64, 11005.12, '', '', '2022-10-03 09:42:11', 'O5-79-5KMNNM', '2022-10-03 09:41:20', 1, 0, 'US NDAQ 100 - Cash', b'0'),
	(967, 11572.58, 1.7, -4.33, 11574.45, '', '', '2022-10-04 11:51:41', 'O5-79-5KR31T', '2022-10-04 11:45:15', 0, 0, 'US NDAQ 100 - Cash', b'0'),
	(968, 11549.54, 1.2, -9.01, 11554.99, '', '', '2022-10-06 10:01:02', 'O5-79-5KX1LQ', '2022-10-06 10:00:53', 0, 0, 'US NDAQ 100 - Cash', b'0'),
	(969, 11541.16, 1.6, -1.4, 11540.52, '', '', '2022-10-04 09:58:10', 'O5-79-5KQLNX', '2022-10-04 09:57:57', 1, 0, 'US NDAQ 100 - Cash', b'0'),
	(970, 11078.79, 1.5, -100.46, 11030.12, '', '', '2022-10-03 10:00:47', 'O5-79-5KMRW4', '2022-10-03 09:59:42', 1, 0, 'US NDAQ 100 - Cash', b'0'),
	(971, 11181.5, 1.7, 15.5, 11188.19, '', '', '2022-10-07 10:13:33', 'O5-79-5KZQR9', '2022-10-07 10:13:17', 1, 0, 'US NDAQ 100 - Cash', b'0'),
	(972, 11521.04, 1.5, -14.23, 11514.12, '', '', '2022-10-04 09:48:33', 'O5-79-5KQJVV', '2022-10-04 09:48:20', 1, 0, 'US NDAQ 100 - Cash', b'0'),
	(973, 11019.9, 1, -40.93, 11049.61, '', '', '2022-10-03 09:59:27', 'O5-79-5KMQXM', '2022-10-03 09:53:44', 0, 0, 'US NDAQ 100 - Cash', b'0'),
	(974, 11505.47, 0.9, 9.28, 11513.02, '', '', '2022-10-06 10:17:26', 'O5-79-5KX4S3', '2022-10-06 10:17:10', 1, 0, 'US NDAQ 100 - Cash', b'1'),
	(975, 11162.56, 1.7, -117.18, 11112.34, '', '', '2022-10-03 10:37:49', 'O5-79-5KMXF8', '2022-10-03 10:19:45', 1, 0, 'US NDAQ 100 - Cash', b'0'),
	(976, 11065.41, 1, 12.4, 11074.51, '', '', '2022-10-03 09:49:54', 'O5-79-5KMQ81', '2022-10-03 09:49:24', 1, 0, 'US NDAQ 100 - Cash', b'0'),
	(977, 11535.73, 1.6, -24.49, 11524.56, '', '', '2022-10-04 09:51:46', 'O5-79-5KQKD8', '2022-10-04 09:50:31', 1, 0, 'US NDAQ 100 - Cash', b'0'),
	(978, 11156.3, 1.2, -14.8, 11165.25, '', '', '2022-10-07 10:01:34', 'O5-79-5KZNGE', '2022-10-07 10:01:20', 0, 0, 'US NDAQ 100 - Cash', b'1'),
	(979, 11088.46, 5.2, 55.67, 11096.33, '', '', '2022-10-03 10:18:02', 'O5-79-5KMX0X', '2022-10-03 10:16:58', 1, 0, 'US NDAQ 100 - Cash', b'0'),
	(980, 11525.75, 1.7, -20.79, 11534.63, '', '', '2022-10-06 10:01:45', 'O5-79-5KX1TE', '2022-10-06 10:01:38', 0, 0, 'US NDAQ 100 - Cash', b'0'),
	(981, 11576.45, 1.7, -36.2, 11592.07, '', '', '2022-10-04 11:33:43', 'O5-79-5KR0H1', '2022-10-04 11:19:18', 0, 0, 'US NDAQ 100 - Cash', b'0'),
	(982, 11583.75, 1.7, 20.71, 11574.72, '', '', '2022-10-04 11:35:48', 'O5-79-5KR1ZF', '2022-10-04 11:34:02', 0, 0, 'US NDAQ 100 - Cash', b'0'),
	(983, 11577.99, 1.8, -25.41, 11588.3, '', '', '2022-10-04 10:10:40', 'O5-79-5KQN6W', '2022-10-04 10:02:34', 0, 0, 'US NDAQ 100 - Cash', b'0'),
	(984, 11063.87, 1.4, 11.12, 11069.7, '', '', '2022-10-03 09:48:31', 'O5-79-5KMPT2', '2022-10-03 09:46:57', 1, 0, 'US NDAQ 100 - Cash', b'0'),
	(985, 0, 0, 382.79, 0, '', '', '2022-10-03 10:38:33', '1124618216', '2022-10-03 10:38:33', 2, 0, NULL, b'0'),
	(986, 11581.72, 1.8, -22.42, 11572.56, '', '', '2022-10-04 12:38:16', 'O5-79-5KR576', '2022-10-04 12:11:02', 1, 0, 'US NDAQ 100 - Cash', b'0'),
	(987, 11532.23, 1.6, -14.25, 11525.73, '', '', '2022-10-04 09:57:46', 'O5-79-5KQLL4', '2022-10-04 09:57:38', 1, 0, 'US NDAQ 100 - Cash', b'0'),
	(988, 11096.56, 1.5, 57.85, 11124.93, '', '', '2022-10-03 10:14:02', 'O5-79-5KMVGB', '2022-10-03 10:08:51', 1, 0, 'US NDAQ 100 - Cash', b'0'),
	(989, 11524.76, 1.7, 15, 11518.29, '', '', '2022-10-06 10:02:31', 'O5-79-5KX1Z9', '2022-10-06 10:02:05', 0, 0, 'US NDAQ 100 - Cash', b'0'),
	(990, 11657.48, 0.8, 25.73, 11633.85, '', '', '2022-10-06 09:43:06', 'O5-79-5KWXZ1', '2022-10-06 09:41:21', 0, 0, 'US NDAQ 100 - Cash', b'1'),
	(991, 0, 0, 152.53, 0, '', '', '2022-10-04 12:47:52', '1125212710', '2022-10-04 12:47:52', 2, 0, NULL, b'0'),
	(992, 11588.19, 1.5, 3.12, 11589.73, '', '', '2022-10-04 11:08:19', 'O5-79-5KQZ1X', '2022-10-04 11:07:15', 1, 0, 'US NDAQ 100 - Cash', b'0'),
	(993, 11572.56, 1.7, -24.21, 11583.03, '', '', '2022-10-04 12:10:53', 'O5-79-5KR4DP', '2022-10-04 12:01:26', 0, 0, 'US NDAQ 100 - Cash', b'0'),
	(994, 11510.8, 0.8, -5, 11506.27, '', '', '2022-10-06 10:05:56', 'O5-79-5KX2KF', '2022-10-06 10:05:15', 1, 0, 'US NDAQ 100 - Cash', b'0'),
	(995, 11061.31, 1, 1.85, 11062.67, '', '', '2022-10-03 09:50:57', 'O5-79-5KMQE4', '2022-10-03 09:50:29', 1, 0, 'US NDAQ 100 - Cash', b'0'),
	(996, 11041.06, 0.8, -15.6, 11026.89, '', '', '2022-10-03 09:45:28', 'O5-79-5KMPC3', '2022-10-03 09:44:40', 1, 0, 'US NDAQ 100 - Cash', b'0'),
	(997, 11176.28, 1.7, 41.55, 11158.37, '', '', '2022-10-07 10:06:54', 'O5-79-5KZNLG', '2022-10-07 10:01:41', 0, 0, 'US NDAQ 100 - Cash', b'1'),
	(998, 11593.14, 1.5, 9.02, 11588.69, '', '', '2022-10-04 11:06:59', 'O5-79-5KQYLM', '2022-10-04 11:02:58', 0, 0, 'US NDAQ 100 - Cash', b'0'),
	(999, 11584.34, 1.7, 5.69, 11586.82, '', '', '2022-10-04 11:13:04', 'O5-79-5KQZRP', '2022-10-04 11:12:48', 1, 0, 'US NDAQ 100 - Cash', b'0'),
	(1000, 11578.46, 1.7, 16.13, 11585.49, '', '', '2022-10-04 11:41:05', 'O5-79-5KR28D', '2022-10-04 11:36:12', 1, 0, 'US NDAQ 100 - Cash', b'0'),
	(1001, 11033.6, 0.8, -24.58, 11055.92, '', '', '2022-10-03 09:53:02', 'O5-79-5KMQM6', '2022-10-03 09:51:59', 0, 0, 'US NDAQ 100 - Cash', b'0'),
	(1002, 10963.5, 0.8, 96.35, 10875.5, '', '', '2022-10-10 13:48:24', 'O5-79-5L2W4L', '2022-10-10 12:31:56', 0, 0, 'US NDAQ 100 - Cash', b'1'),
	(1003, 0, 0, 184.52, 0, '', '', '2022-10-10 12:29:23', '1127261059', '2022-10-10 12:29:23', 2, 0, NULL, b'0'),
	(1004, 10927.04, 1.2, -54.75, 10894, '', '', '2022-10-10 11:22:09', 'O5-79-5L2PH0', '2022-10-10 11:16:36', 1, 0, 'US NDAQ 100 - Cash', b'1'),
	(1005, 10963.5, 0.9, 117.47, 10868.13, '', '', '2022-10-10 13:48:24', 'O5-79-5L2W6M', '2022-10-10 12:32:52', 0, 0, 'US NDAQ 100 - Cash', b'1'),
	(1006, 10864.75, 1.7, -137.85, 10923.38, '', '', '2022-10-10 12:28:36', 'O5-79-5L2QKG', '2022-10-10 11:25:40', 0, 0, 'US NDAQ 100 - Cash', b'1'),
	(1007, 10924.75, 1.7, 12.2, 10930, '', '', '2022-10-10 11:25:26', 'O5-79-5L2Q6B', '2022-10-10 11:22:21', 1, 0, 'US NDAQ 100 - Cash', b'1'),
	(1008, 10925.63, 0.5, -9.41, 10912, '', '', '2022-10-10 11:22:13', 'O5-79-5L2Q1N', '2022-10-10 11:21:29', 1, 0, 'US NDAQ 100 - Cash', b'1'),
	(1009, 0, 0, 5.29, 0, '', '', '2022-10-10 12:29:35', '1127261151', '2022-10-10 12:29:35', 2, 0, NULL, b'0'),
	(1010, 10753.77, 1.7, -36.6, 10769.27, '', '', '2022-10-11 10:01:07', 'O5-79-5L4Z9P', '2022-10-11 09:59:42', 0, 0, 'US NDAQ 100 - Cash', b'1'),
	(1011, 10801.54, 0.8, -19.58, 10783.92, '', '', '2022-10-11 10:33:15', 'O5-79-5L54TY', '2022-10-11 10:32:55', 1, 0, 'US NDAQ 100 - Cash', b'1'),
	(1012, 10794.69, 0.8, -9.52, 10803.26, '', '', '2022-10-11 10:35:20', 'O5-79-5L5558', '2022-10-11 10:34:46', 0, 0, 'US NDAQ 100 - Cash', b'1'),
	(1013, 10760.22, 0.8, 7.86, 10767.36, '', '', '2022-10-11 10:31:11', 'O5-79-5L54FJ', '2022-10-11 10:30:09', 1, 0, 'US NDAQ 100 - Cash', b'1'),
	(1014, 10787.71, 1.7, 29.66, 10775.02, '', '', '2022-10-11 10:17:25', 'O5-79-5L52GL', '2022-10-11 10:15:27', 0, 0, 'US NDAQ 100 - Cash', b'1'),
	(1015, 10789.42, 1.7, 10.29, 10793.82, '', '', '2022-10-11 10:19:31', 'O5-79-5L535Y', '2022-10-11 10:19:24', 1, 0, 'US NDAQ 100 - Cash', b'1'),
	(1016, 10793.44, 1.7, -4.06, 10795.16, '', '', '2022-10-11 10:18:54', 'O5-79-5L52WQ', '2022-10-11 10:17:54', 0, 0, 'US NDAQ 100 - Cash', b'1'),
	(1017, 10770.19, 1.7, -36.57, 10785.69, '', '', '2022-10-11 09:58:59', 'O5-79-5L4YYK', '2022-10-11 09:57:46', 0, 0, 'US NDAQ 100 - Cash', b'1'),
	(1018, 10748.37, 1.7, -17.32, 10741.04, '', '', '2022-10-11 10:05:15', 'O5-79-5L50GC', '2022-10-11 10:04:05', 1, 0, 'US NDAQ 100 - Cash', b'1'),
	(1019, 10797.54, 1.7, 13.32, 10803.24, '', '', '2022-10-11 10:33:53', 'O5-79-5L54XN', '2022-10-11 10:33:27', 1, 0, 'US NDAQ 100 - Cash', b'1'),
	(1020, 10740.66, 1.7, -43.53, 10759.07, '', '', '2022-10-11 10:03:55', 'O5-79-5L4ZWG', '2022-10-11 10:01:58', 0, 0, 'US NDAQ 100 - Cash', b'1'),
	(1021, 10777.79, 1.7, 3.41, 10779.25, '', '', '2022-10-11 10:15:08', 'O5-79-5L52EC', '2022-10-11 10:15:01', 1, 0, 'US NDAQ 100 - Cash', b'1'),
	(1022, 10762.14, 1.7, 32.34, 10748.32, '', '', '2022-10-11 10:07:07', 'O5-79-5L50V4', '2022-10-11 10:05:24', 0, 0, 'US NDAQ 100 - Cash', b'1'),
	(1023, 10787.81, 1.7, 32.55, 10773.88, '', '', '2022-10-11 10:26:55', 'O5-79-5L53CS', '2022-10-11 10:20:24', 0, 0, 'US NDAQ 100 - Cash', b'1'),
	(1024, 10823.38, 1.7, 67.81, 10794.35, '', '', '2022-10-11 10:40:17', 'O5-79-5L558L', '2022-10-11 10:35:32', 0, 0, 'US NDAQ 100 - Cash', b'1'),
	(1025, 10783.26, 1.7, 8.77, 10779.51, '', '', '2022-10-11 10:14:38', 'O5-79-5L528N', '2022-10-11 10:14:20', 0, 0, 'US NDAQ 100 - Cash', b'1'),
	(1026, 10770.17, 1.7, 26.06, 10759.03, '', '', '2022-10-11 10:13:46', 'O5-79-5L5190', '2022-10-11 10:07:37', 0, 0, 'US NDAQ 100 - Cash', b'1'),
	(1027, 10796.22, 0.75, -15.09, 10810.72, '', '', '2022-10-11 09:54:47', 'O5-79-5L4Y15', '2022-10-11 09:52:28', 0, 0, 'US NDAQ 100 - Cash', b'1');
/*!40000 ALTER TABLE `trades` ENABLE KEYS */;

-- Dumping structure for table trader_buddy.trading_plans
CREATE TABLE IF NOT EXISTS `trading_plans` (
  `id` bigint(20) NOT NULL AUTO_INCREMENT,
  `active` bit(1) DEFAULT NULL,
  `compound_frequency` int(11) DEFAULT NULL,
  `end_date` date DEFAULT NULL,
  `name` varchar(255) DEFAULT NULL,
  `profit_target` double DEFAULT NULL,
  `start_date` date DEFAULT NULL,
  `starting_balance` double DEFAULT NULL,
  `status` int(11) DEFAULT NULL,
  `deposit_plan_id` bigint(20) DEFAULT NULL,
  `withdrawal_plan_id` bigint(20) DEFAULT NULL,
  PRIMARY KEY (`id`),
  UNIQUE KEY `UniqueNameAndStartDateAndEndDate` (`name`,`start_date`,`end_date`),
  KEY `FK2jc1tmys8i4y1dc8mo3dv31af` (`deposit_plan_id`),
  KEY `FKa20wf8ar6x1mvkkmb2mo0w14b` (`withdrawal_plan_id`),
  CONSTRAINT `FK2jc1tmys8i4y1dc8mo3dv31af` FOREIGN KEY (`deposit_plan_id`) REFERENCES `deposit_plans` (`id`),
  CONSTRAINT `FKa20wf8ar6x1mvkkmb2mo0w14b` FOREIGN KEY (`withdrawal_plan_id`) REFERENCES `withdrawal_plans` (`id`)
) ENGINE=InnoDB AUTO_INCREMENT=3 DEFAULT CHARSET=utf8;

-- Dumping data for table trader_buddy.trading_plans: ~1 rows (approximately)
/*!40000 ALTER TABLE `trading_plans` DISABLE KEYS */;
REPLACE INTO `trading_plans` (`id`, `active`, `compound_frequency`, `end_date`, `name`, `profit_target`, `start_date`, `starting_balance`, `status`, `deposit_plan_id`, `withdrawal_plan_id`) VALUES
	(2, b'1', 1, '2025-08-01', 'My Trading Plan', 1.25, '2022-08-01', 1000, 1, 1, NULL);
/*!40000 ALTER TABLE `trading_plans` ENABLE KEYS */;

-- Dumping structure for table trader_buddy.withdrawal_plans
CREATE TABLE IF NOT EXISTS `withdrawal_plans` (
  `id` bigint(20) NOT NULL AUTO_INCREMENT,
  `amount` double DEFAULT NULL,
  `frequency` int(11) DEFAULT NULL,
  PRIMARY KEY (`id`)
) ENGINE=InnoDB DEFAULT CHARSET=utf8;

-- Dumping data for table trader_buddy.withdrawal_plans: ~0 rows (approximately)
/*!40000 ALTER TABLE `withdrawal_plans` DISABLE KEYS */;
/*!40000 ALTER TABLE `withdrawal_plans` ENABLE KEYS */;

/*!40101 SET SQL_MODE=IFNULL(@OLD_SQL_MODE, '') */;
/*!40014 SET FOREIGN_KEY_CHECKS=IF(@OLD_FOREIGN_KEY_CHECKS IS NULL, 1, @OLD_FOREIGN_KEY_CHECKS) */;
/*!40101 SET CHARACTER_SET_CLIENT=@OLD_CHARACTER_SET_CLIENT */;
